pc_file,encT,decT,bpp,acd12_p2pt,acd21_p2pt,cd_p2pt,cdpsnr_p2pt,h_p2pt,acd12_p2pl,acd21_p2pl,cd_p2pl,cdpsnr_p2pl,h_p2pl,ssim_up,ssim_down,ssim_left,ssim_right,ssim_front,ssim_back,psnr_up,psnr_down,psnr_left,psnr_right,psnr_front,psnr_back,avg_ssim,avg_psnr,y_cpsnr,u_cpsnr,v_cpsnr,hybrid
/temp/pranav/dynamic_pc_data/redandblack/experiments/3DD_4_noQuantize_OM=4_r1/decompressed/redandblack_dec_1450.ply,-1.0,-1.0,41.95151227553821,1.11357,0.803211,0.95839,59.9926,152.0,,,,,,,,,,0.848645,,,,,,28.8602,,,,31.5764,38.8074,31.3329,
/temp/pranav/dynamic_pc_data/redandblack/experiments/3DD_4_noQuantize_OM=4_r1/decompressed/redandblack_dec_1451.ply,-1.0,-1.0,42.45016709040646,1.10465,0.812867,0.95876,59.9905,98.0,,,,,,,,,,0.858918,,,,,,29.628,,,,31.8698,39.1316,31.3627,
/temp/pranav/dynamic_pc_data/redandblack/experiments/3DD_4_noQuantize_OM=4_r1/decompressed/redandblack_dec_1452.ply,-1.0,-1.0,43.02590142996599,1.1265,0.779777,0.95314,60.0171,121.0,,,,,,,,,,0.856316,,,,,,29.6415,,,,31.8933,39.2064,31.3729,
/temp/pranav/dynamic_pc_data/redandblack/experiments/3DD_4_noQuantize_OM=4_r1/decompressed/redandblack_dec_1453.ply,-1.0,-1.0,43.66435175602507,1.17268,0.80889,0.990787,59.8476,164.0,,,,,,,,,,0.876104,,,,,,29.9213,,,,31.9698,39.1749,31.4754,
/temp/pranav/dynamic_pc_data/redandblack/experiments/3DD_4_noQuantize_OM=4_r1/decompressed/redandblack_dec_1454.ply,-1.0,-1.0,44.47437813694073,1.16322,0.787688,0.975453,59.9147,178.0,,,,,,,,,,0.877601,,,,,,30.0489,,,,32.053,39.2779,31.4005,
/temp/pranav/dynamic_pc_data/redandblack/experiments/3DD_4_noQuantize_OM=4_r1/decompressed/redandblack_dec_1455.ply,-1.0,-1.0,45.02082940844009,1.14455,0.79994,0.972245,59.9167,126.0,,,,,,,,,,0.848778,,,,,,28.4593,,,,32.0474,39.3835,31.1644,
/temp/pranav/dynamic_pc_data/redandblack/experiments/3DD_4_noQuantize_OM=4_r1/decompressed/redandblack_dec_1456.ply,-1.0,-1.0,44.46461595265749,1.20158,0.808654,1.00512,59.7645,217.0,,,,,,,,,,0.860225,,,,,,29.1964,,,,32.1788,39.46,31.2784,
/temp/pranav/dynamic_pc_data/redandblack/experiments/3DD_4_noQuantize_OM=4_r1/decompressed/redandblack_dec_1457.ply,-1.0,-1.0,44.07983537196942,1.08103,0.74481,0.912921,60.1812,125.0,,,,,,,,,,0.855724,,,,,,29.5614,,,,32.0688,39.4316,31.5759,
/temp/pranav/dynamic_pc_data/redandblack/experiments/3DD_4_noQuantize_OM=4_r1/decompressed/redandblack_dec_1458.ply,-1.0,-1.0,43.632648636311764,1.09386,0.777294,0.935576,60.0712,254.0,,,,,,,,,,0.864291,,,,,,29.9046,,,,32.144,39.3708,31.5765,
/temp/pranav/dynamic_pc_data/redandblack/experiments/3DD_4_noQuantize_OM=4_r1/decompressed/redandblack_dec_1459.ply,-1.0,-1.0,42.91753996304304,1.13728,0.787668,0.962472,59.9501,265.0,,,,,,,,,,0.848576,,,,,,29.4452,,,,31.9549,39.2155,31.663,
/temp/pranav/dynamic_pc_data/redandblack/experiments/3DD_4_noQuantize_OM=4_r1/decompressed/redandblack_dec_1460.ply,-1.0,-1.0,43.023601757613605,1.14957,0.758494,0.954033,59.9798,173.0,,,,,,,,,,0.855018,,,,,,29.4911,,,,31.8971,39.2285,31.7534,
/temp/pranav/dynamic_pc_data/redandblack/experiments/3DD_4_noQuantize_OM=4_r1/decompressed/redandblack_dec_1461.ply,-1.0,-1.0,42.98345764922122,1.07847,0.737961,0.908214,60.2582,138.0,,,,,,,,,,0.846466,,,,,,28.4909,,,,31.8757,39.3106,31.6211,
/temp/pranav/dynamic_pc_data/redandblack/experiments/3DD_4_noQuantize_OM=4_r1/decompressed/redandblack_dec_1462.ply,-1.0,-1.0,42.976150300176045,1.05536,0.680479,0.867919,60.6725,329.0,,,,,,,,,,0.844343,,,,,,29.2011,,,,31.8166,39.2942,31.5567,
/temp/pranav/dynamic_pc_data/redandblack/experiments/3DD_4_noQuantize_OM=4_r1/decompressed/redandblack_dec_1463.ply,-1.0,-1.0,43.03383113274573,1.07155,0.736302,0.903924,60.5025,109.0,,,,,,,,,,0.845816,,,,,,29.3734,,,,31.821,39.4504,31.5262,
/temp/pranav/dynamic_pc_data/redandblack/experiments/3DD_4_noQuantize_OM=4_r1/decompressed/redandblack_dec_1464.ply,-1.0,-1.0,43.402276800220214,1.08223,0.71257,0.897398,60.2969,225.0,,,,,,,,,,0.867947,,,,,,29.553,,,,31.8227,39.2584,31.5231,
/temp/pranav/dynamic_pc_data/redandblack/experiments/3DD_4_noQuantize_OM=4_r1/decompressed/redandblack_dec_1465.ply,-1.0,-1.0,43.952398195246715,1.01258,0.726331,0.869454,60.3719,123.0,,,,,,,,,,0.874769,,,,,,30.2275,,,,31.9495,39.2924,31.5314,
/temp/pranav/dynamic_pc_data/redandblack/experiments/3DD_4_noQuantize_OM=4_r1/decompressed/redandblack_dec_1466.ply,-1.0,-1.0,44.142111468520774,1.04294,0.725794,0.884367,60.3072,145.0,,,,,,,,,,0.871782,,,,,,29.8841,,,,31.984,39.3296,31.503,
/temp/pranav/dynamic_pc_data/redandblack/experiments/3DD_4_noQuantize_OM=4_r1/decompressed/redandblack_dec_1467.ply,-1.0,-1.0,44.17392158278576,1.10388,0.721112,0.912498,60.1779,195.0,,,,,,,,,,0.862776,,,,,,29.9096,,,,32.1431,39.3801,31.3762,
/temp/pranav/dynamic_pc_data/redandblack/experiments/3DD_4_noQuantize_OM=4_r1/decompressed/redandblack_dec_1468.ply,-1.0,-1.0,44.66896036076031,1.02313,0.706375,0.86475,60.4087,170.0,,,,,,,,,,0.85641,,,,,,29.6608,,,,32.1742,39.3752,31.4182,
/temp/pranav/dynamic_pc_data/redandblack/experiments/3DD_4_noQuantize_OM=4_r1/decompressed/redandblack_dec_1469.ply,-1.0,-1.0,44.67437523094292,0.97114,0.687737,0.829439,60.5928,154.0,,,,,,,,,,0.861322,,,,,,29.7959,,,,32.1629,39.0493,31.3137,
/temp/pranav/dynamic_pc_data/redandblack/experiments/3DD_4_noQuantize_OM=4_r1/decompressed/redandblack_dec_1470.ply,-1.0,-1.0,44.349153417213515,0.974621,0.695885,0.835253,60.5688,98.0,,,,,,,,,,0.853556,,,,,,28.9977,,,,32.0567,39.2384,31.2346,
/temp/pranav/dynamic_pc_data/redandblack/experiments/3DD_4_noQuantize_OM=4_r1/decompressed/redandblack_dec_1471.ply,-1.0,-1.0,43.985263581720396,1.05675,0.680626,0.86869,60.3955,148.0,,,,,,,,,,0.870591,,,,,,29.7772,,,,31.9379,39.0652,31.196,
/temp/pranav/dynamic_pc_data/redandblack/experiments/3DD_4_noQuantize_OM=4_r1/decompressed/redandblack_dec_1472.ply,-1.0,-1.0,43.66597240562166,1.03154,0.712167,0.871855,60.3803,125.0,,,,,,,,,,0.846303,,,,,,29.3758,,,,31.9713,38.9633,31.2078,
/temp/pranav/dynamic_pc_data/redandblack/experiments/3DD_4_noQuantize_OM=4_r1/decompressed/redandblack_dec_1473.ply,-1.0,-1.0,42.89118134946064,1.05995,0.72036,0.890156,60.2891,229.0,,,,,,,,,,0.845867,,,,,,29.3518,,,,32.0175,39.0405,31.2836,
/temp/pranav/dynamic_pc_data/redandblack/experiments/3DD_4_noQuantize_OM=4_r1/decompressed/redandblack_dec_1474.ply,-1.0,-1.0,42.47380399268503,1.04163,0.736726,0.889178,60.2919,196.0,,,,,,,,,,0.874501,,,,,,29.6513,,,,31.9978,38.92,31.2615,
/temp/pranav/dynamic_pc_data/redandblack/experiments/3DD_4_noQuantize_OM=4_r1/decompressed/redandblack_dec_1475.ply,-1.0,-1.0,41.86779196568258,1.12684,0.764264,0.945554,60.0525,102.0,,,,,,,,,,0.870646,,,,,,29.9335,,,,31.87,38.7898,31.2962,
/temp/pranav/dynamic_pc_data/redandblack/experiments/3DD_4_noQuantize_OM=4_r1/decompressed/redandblack_dec_1476.ply,-1.0,-1.0,41.73417925313468,1.10626,0.832973,0.969615,59.901,221.0,,,,,,,,,,0.862594,,,,,,30.0477,,,,31.8286,38.7574,31.2072,
/temp/pranav/dynamic_pc_data/redandblack/experiments/3DD_4_noQuantize_OM=4_r1/decompressed/redandblack_dec_1477.ply,-1.0,-1.0,41.80690626046429,1.13792,0.78808,0.963001,59.9936,204.0,,,,,,,,,,0.851617,,,,,,29.2409,,,,31.8954,38.6328,31.2232,
/temp/pranav/dynamic_pc_data/redandblack/experiments/3DD_4_noQuantize_OM=4_r1/decompressed/redandblack_dec_1478.ply,-1.0,-1.0,41.783149448619056,1.08333,0.786638,0.934982,60.123,146.0,,,,,,,,,,0.85519,,,,,,29.1919,,,,32.0415,38.5365,31.3311,
/temp/pranav/dynamic_pc_data/redandblack/experiments/3DD_4_noQuantize_OM=4_r1/decompressed/redandblack_dec_1479.ply,-1.0,-1.0,41.91805293847598,1.07575,0.746568,0.911158,60.2429,116.0,,,,,,,,,,0.860452,,,,,,29.0374,,,,32.2926,38.6618,31.3231,
/temp/pranav/dynamic_pc_data/redandblack/experiments/3DD_4_noQuantize_OM=4_r1/decompressed/redandblack_dec_1480.ply,-1.0,-1.0,41.9554826462423,1.04248,0.770737,0.906607,60.2259,139.0,,,,,,,,,,0.864358,,,,,,29.1839,,,,32.3131,38.7009,31.2605,
/temp/pranav/dynamic_pc_data/redandblack/experiments/3DD_4_noQuantize_OM=4_r1/decompressed/redandblack_dec_1481.ply,-1.0,-1.0,42.18327548139843,1.02892,0.779273,0.904097,60.2624,242.0,,,,,,,,,,0.868746,,,,,,28.6874,,,,32.3888,38.6585,31.2818,
/temp/pranav/dynamic_pc_data/redandblack/experiments/3DD_4_noQuantize_OM=4_r1/decompressed/redandblack_dec_1482.ply,-1.0,-1.0,41.469664657913114,1.08493,0.831153,0.95804,60.0077,173.0,,,,,,,,,,0.873991,,,,,,29.0131,,,,32.3097,38.5574,31.3979,
/temp/pranav/dynamic_pc_data/redandblack/experiments/3DD_4_noQuantize_OM=4_r1/decompressed/redandblack_dec_1483.ply,-1.0,-1.0,41.08935671760483,1.05936,0.769824,0.914594,60.2225,131.0,,,,,,,,,,0.879497,,,,,,29.5149,,,,32.0293,38.5084,31.3252,
/temp/pranav/dynamic_pc_data/redandblack/experiments/3DD_4_noQuantize_OM=4_r1/decompressed/redandblack_dec_1484.ply,-1.0,-1.0,41.13527550393289,1.08456,0.798194,0.941379,60.0829,113.0,,,,,,,,,,0.887846,,,,,,29.9241,,,,32.0434,38.5145,31.2744,
/temp/pranav/dynamic_pc_data/redandblack/experiments/3DD_4_noQuantize_OM=4_r1/decompressed/redandblack_dec_1485.ply,-1.0,-1.0,40.94251119659698,1.12632,0.796912,0.961615,59.9335,170.0,,,,,,,,,,0.898774,,,,,,29.8081,,,,32.0214,38.3189,31.2452,
/temp/pranav/dynamic_pc_data/redandblack/experiments/3DD_4_noQuantize_OM=4_r1/decompressed/redandblack_dec_1486.ply,-1.0,-1.0,40.91069611051743,1.17275,0.886228,1.02949,59.653,144.0,,,,,,,,,,0.89363,,,,,,29.0479,,,,31.9078,38.5298,31.3045,
/temp/pranav/dynamic_pc_data/redandblack/experiments/3DD_4_noQuantize_OM=4_r1/decompressed/redandblack_dec_1487.ply,-1.0,-1.0,40.84885051715043,1.10459,0.819259,0.961925,59.9256,163.0,,,,,,,,,,0.899051,,,,,,29.8557,,,,31.9162,38.5751,31.285,
/temp/pranav/dynamic_pc_data/redandblack/experiments/3DD_4_noQuantize_OM=4_r1/decompressed/redandblack_dec_1488.ply,-1.0,-1.0,40.77180597949962,1.15882,0.83997,0.999394,59.7629,170.0,,,,,,,,,,0.896402,,,,,,30.5808,,,,31.868,38.4914,31.2766,
/temp/pranav/dynamic_pc_data/redandblack/experiments/3DD_4_noQuantize_OM=4_r1/decompressed/redandblack_dec_1489.ply,-1.0,-1.0,40.586086884987054,1.08105,0.839145,0.9601,59.9237,140.0,,,,,,,,,,0.879021,,,,,,30.1799,,,,31.727,38.4954,31.1559,
/temp/pranav/dynamic_pc_data/redandblack/experiments/3DD_4_noQuantize_OM=4_r1/decompressed/redandblack_dec_1490.ply,-1.0,-1.0,40.03831544005424,1.11477,0.85692,0.985844,59.8204,185.0,,,,,,,,,,0.885394,,,,,,30.1037,,,,31.5914,38.5269,31.1228,
/temp/pranav/dynamic_pc_data/redandblack/experiments/3DD_4_noQuantize_OM=4_r1/decompressed/redandblack_dec_1491.ply,-1.0,-1.0,40.15905954886389,1.09038,0.79785,0.944115,60.0063,149.0,,,,,,,,,,0.886552,,,,,,29.4775,,,,31.5982,38.6363,31.0937,
/temp/pranav/dynamic_pc_data/redandblack/experiments/3DD_4_noQuantize_OM=4_r1/decompressed/redandblack_dec_1492.ply,-1.0,-1.0,39.81598458814954,1.1328,0.849735,0.991267,59.8191,180.0,,,,,,,,,,0.886864,,,,,,30.4181,,,,31.6312,38.7762,31.1767,
/temp/pranav/dynamic_pc_data/redandblack/experiments/3DD_4_noQuantize_OM=4_r1/decompressed/redandblack_dec_1493.ply,-1.0,-1.0,39.666712919076005,1.10987,0.850604,0.980238,59.8592,197.0,,,,,,,,,,0.885662,,,,,,29.5859,,,,31.6739,38.829,31.1983,
/temp/pranav/dynamic_pc_data/redandblack/experiments/3DD_4_noQuantize_OM=4_r1/decompressed/redandblack_dec_1494.ply,-1.0,-1.0,39.67468766861744,1.07404,0.78254,0.928291,60.0688,145.0,,,,,,,,,,0.890787,,,,,,29.9377,,,,31.6929,38.9331,31.213,
/temp/pranav/dynamic_pc_data/redandblack/experiments/3DD_4_noQuantize_OM=4_r1/decompressed/redandblack_dec_1495.ply,-1.0,-1.0,39.631045897709974,1.10834,0.786016,0.947176,59.9993,164.0,,,,,,,,,,0.885112,,,,,,29.4073,,,,31.6305,38.9051,31.1321,
/temp/pranav/dynamic_pc_data/redandblack/experiments/3DD_4_noQuantize_OM=4_r1/decompressed/redandblack_dec_1496.ply,-1.0,-1.0,39.90215254487132,1.11869,0.864595,0.991641,59.7831,116.0,,,,,,,,,,0.860627,,,,,,29.5172,,,,31.598,38.7332,31.0085,
/temp/pranav/dynamic_pc_data/redandblack/experiments/3DD_4_noQuantize_OM=4_r1/decompressed/redandblack_dec_1497.ply,-1.0,-1.0,40.2652102428821,1.10745,0.825086,0.96627,59.8836,154.0,,,,,,,,,,0.874792,,,,,,29.5783,,,,31.6371,38.8593,31.0484,
/temp/pranav/dynamic_pc_data/redandblack/experiments/3DD_4_noQuantize_OM=4_r1/decompressed/redandblack_dec_1498.ply,-1.0,-1.0,41.3282441304151,1.13124,0.80784,0.969538,59.8685,120.0,,,,,,,,,,0.86527,,,,,,28.7313,,,,31.7229,38.8443,31.0636,
/temp/pranav/dynamic_pc_data/redandblack/experiments/3DD_4_noQuantize_OM=4_r1/decompressed/redandblack_dec_1499.ply,-1.0,-1.0,41.555750281560215,1.18338,0.875796,1.02959,59.6039,256.0,,,,,,,,,,0.839337,,,,,,26.5439,,,,31.5726,38.7643,31.0389,
/temp/pranav/dynamic_pc_data/redandblack/experiments/3DD_4_noQuantize_OM=4_r1/decompressed/redandblack_dec_1500.ply,-1.0,-1.0,42.62045537830453,1.11875,0.749829,0.934289,60.0206,189.0,,,,,,,,,,0.860031,,,,,,29.6015,,,,31.7148,38.9235,31.0815,
/temp/pranav/dynamic_pc_data/redandblack/experiments/3DD_4_noQuantize_OM=4_r1/decompressed/redandblack_dec_1501.ply,-1.0,-1.0,43.17859098942424,1.09513,0.78139,0.93826,59.997,178.0,,,,,,,,,,0.856884,,,,,,29.4521,,,,31.6037,39.0147,31.3426,
/temp/pranav/dynamic_pc_data/redandblack/experiments/3DD_4_noQuantize_OM=4_r1/decompressed/redandblack_dec_1502.ply,-1.0,-1.0,43.40683452369634,1.09993,0.763286,0.931607,60.0245,161.0,,,,,,,,,,0.853066,,,,,,29.2852,,,,31.7027,39.117,31.2847,
/temp/pranav/dynamic_pc_data/redandblack/experiments/3DD_4_noQuantize_OM=4_r1/decompressed/redandblack_dec_1503.ply,-1.0,-1.0,43.43043912855812,1.05693,0.731346,0.894136,60.2008,146.0,,,,,,,,,,0.859841,,,,,,28.6589,,,,31.6114,39.0855,31.196,
/temp/pranav/dynamic_pc_data/redandblack/experiments/3DD_4_noQuantize_OM=4_r1/decompressed/redandblack_dec_1504.ply,-1.0,-1.0,43.17444670280036,1.03098,0.773513,0.902245,60.1619,196.0,,,,,,,,,,0.860579,,,,,,28.6685,,,,31.6793,39.1827,31.3397,
/temp/pranav/dynamic_pc_data/redandblack/experiments/3DD_4_noQuantize_OM=4_r1/decompressed/redandblack_dec_1505.ply,-1.0,-1.0,43.13164867178147,1.04896,0.767435,0.908199,60.1394,145.0,,,,,,,,,,0.885262,,,,,,30.1764,,,,31.9567,39.3622,31.4744,
/temp/pranav/dynamic_pc_data/redandblack/experiments/3DD_4_noQuantize_OM=4_r1/decompressed/redandblack_dec_1506.ply,-1.0,-1.0,42.947729634101826,1.06122,0.799415,0.930315,60.0369,125.0,,,,,,,,,,0.861385,,,,,,29.4786,,,,31.9573,39.2974,31.5487,
/temp/pranav/dynamic_pc_data/redandblack/experiments/3DD_4_noQuantize_OM=4_r1/decompressed/redandblack_dec_1507.ply,-1.0,-1.0,42.53262714987117,1.07132,0.838082,0.954701,59.9241,206.0,,,,,,,,,,0.872269,,,,,,29.647,,,,31.9584,39.2558,31.5947,
/temp/pranav/dynamic_pc_data/redandblack/experiments/3DD_4_noQuantize_OM=4_r1/decompressed/redandblack_dec_1508.ply,-1.0,-1.0,43.18389439875763,1.04774,0.794604,0.921174,60.0908,122.0,,,,,,,,,,0.875144,,,,,,29.7575,,,,31.8829,39.0969,31.3521,
/temp/pranav/dynamic_pc_data/redandblack/experiments/3DD_4_noQuantize_OM=4_r1/decompressed/redandblack_dec_1509.ply,-1.0,-1.0,43.74227887707838,1.07828,0.806567,0.942423,59.9969,155.0,,,,,,,,,,0.865693,,,,,,29.6551,,,,31.8179,39.0611,31.318,
/temp/pranav/dynamic_pc_data/redandblack/experiments/3DD_4_noQuantize_OM=4_r1/decompressed/redandblack_dec_1510.ply,-1.0,-1.0,44.08167759284853,1.065,0.82754,0.946267,59.9649,139.0,,,,,,,,,,0.905548,,,,,,30.9831,,,,31.7607,38.9992,31.199,
/temp/pranav/dynamic_pc_data/redandblack/experiments/3DD_4_noQuantize_OM=4_r1/decompressed/redandblack_dec_1511.ply,-1.0,-1.0,44.776524561174945,1.07234,0.787912,0.930128,60.0556,113.0,,,,,,,,,,0.876339,,,,,,29.8778,,,,31.8641,39.0687,31.0657,
/temp/pranav/dynamic_pc_data/redandblack/experiments/3DD_4_noQuantize_OM=4_r1/decompressed/redandblack_dec_1512.ply,-1.0,-1.0,45.28503834423948,1.03683,0.762754,0.89979,60.1798,82.0,,,,,,,,,,0.875499,,,,,,29.9638,,,,31.8513,39.1723,31.0463,
/temp/pranav/dynamic_pc_data/redandblack/experiments/3DD_4_noQuantize_OM=4_r1/decompressed/redandblack_dec_1513.ply,-1.0,-1.0,45.79227459586993,1.02911,0.748407,0.888761,60.2335,160.0,,,,,,,,,,0.882229,,,,,,30.0912,,,,31.8968,39.1928,31.0606,
/temp/pranav/dynamic_pc_data/redandblack/experiments/3DD_4_noQuantize_OM=4_r1/decompressed/redandblack_dec_1514.ply,-1.0,-1.0,46.095285169842086,1.03961,0.778732,0.90917,60.1222,169.0,,,,,,,,,,0.877731,,,,,,28.0542,,,,31.8982,39.1301,31.0574,
/temp/pranav/dynamic_pc_data/redandblack/experiments/3DD_4_noQuantize_OM=4_r1/decompressed/redandblack_dec_1515.ply,-1.0,-1.0,46.46429000010633,1.06984,0.735446,0.902644,60.1196,193.0,,,,,,,,,,0.877114,,,,,,29.3467,,,,31.7775,39.0096,30.9799,
/temp/pranav/dynamic_pc_data/redandblack/experiments/3DD_4_noQuantize_OM=4_r1/decompressed/redandblack_dec_1516.ply,-1.0,-1.0,46.667600377756315,1.07101,0.743883,0.907449,60.0698,134.0,,,,,,,,,,0.899838,,,,,,30.52,,,,31.8728,38.8716,31.0506,
/temp/pranav/dynamic_pc_data/redandblack/experiments/3DD_4_noQuantize_OM=4_r1/decompressed/redandblack_dec_1517.ply,-1.0,-1.0,46.66987887100884,1.09986,0.7574,0.928631,59.9491,145.0,,,,,,,,,,0.878351,,,,,,29.5007,,,,31.8088,38.927,30.8467,
/temp/pranav/dynamic_pc_data/redandblack/experiments/3DD_4_noQuantize_OM=4_r1/decompressed/redandblack_dec_1518.ply,-1.0,-1.0,47.04854016507163,1.06358,0.719195,0.891385,60.0955,125.0,,,,,,,,,,0.887291,,,,,,30.1833,,,,31.9435,39.0828,31.0074,
/temp/pranav/dynamic_pc_data/redandblack/experiments/3DD_4_noQuantize_OM=4_r1/decompressed/redandblack_dec_1519.ply,-1.0,-1.0,46.946075655234125,1.06095,0.719136,0.890041,60.1132,197.0,,,,,,,,,,0.876611,,,,,,28.7031,,,,31.8494,39.0032,30.902,
/temp/pranav/dynamic_pc_data/redandblack/experiments/3DD_4_noQuantize_OM=4_r1/decompressed/redandblack_dec_1520.ply,-1.0,-1.0,47.42523310872619,1.05054,0.740033,0.895286,60.1035,138.0,,,,,,,,,,0.897375,,,,,,29.7801,,,,31.9169,39.045,30.9319,
/temp/pranav/dynamic_pc_data/redandblack/experiments/3DD_4_noQuantize_OM=4_r1/decompressed/redandblack_dec_1521.ply,-1.0,-1.0,46.77071088250225,1.1083,0.822326,0.965311,59.7848,261.0,,,,,,,,,,0.905498,,,,,,30.7019,,,,31.7974,38.8024,31.0416,
/temp/pranav/dynamic_pc_data/redandblack/experiments/3DD_4_noQuantize_OM=4_r1/decompressed/redandblack_dec_1522.ply,-1.0,-1.0,46.47706856941422,1.07777,0.807172,0.942473,59.9363,131.0,,,,,,,,,,0.903101,,,,,,30.0586,,,,31.8108,38.8182,31.1141,
/temp/pranav/dynamic_pc_data/redandblack/experiments/3DD_4_noQuantize_OM=4_r1/decompressed/redandblack_dec_1523.ply,-1.0,-1.0,45.613706078053305,1.1289,0.860393,0.994649,59.6947,230.0,,,,,,,,,,0.907538,,,,,,30.6791,,,,31.6996,38.8273,31.1315,
/temp/pranav/dynamic_pc_data/redandblack/experiments/3DD_4_noQuantize_OM=4_r1/decompressed/redandblack_dec_1524.ply,-1.0,-1.0,44.93894473321561,1.10604,0.828052,0.967046,59.7917,137.0,,,,,,,,,,0.891228,,,,,,30.4662,,,,31.5927,38.6586,31.2205,
/temp/pranav/dynamic_pc_data/redandblack/experiments/3DD_4_noQuantize_OM=4_r1/decompressed/redandblack_dec_1525.ply,-1.0,-1.0,44.04238911014545,1.1116,0.816433,0.964019,59.8257,149.0,,,,,,,,,,0.889992,,,,,,30.4095,,,,31.4305,38.7094,31.2724,
/temp/pranav/dynamic_pc_data/redandblack/experiments/3DD_4_noQuantize_OM=4_r1/decompressed/redandblack_dec_1526.ply,-1.0,-1.0,44.02825225515696,1.10712,0.819869,0.963493,59.8315,197.0,,,,,,,,,,0.899904,,,,,,30.5363,,,,31.5178,38.5864,31.3427,
/temp/pranav/dynamic_pc_data/redandblack/experiments/3DD_4_noQuantize_OM=4_r1/decompressed/redandblack_dec_1527.ply,-1.0,-1.0,43.90048266053163,1.13726,0.818344,0.9778,59.7534,169.0,,,,,,,,,,0.897947,,,,,,30.395,,,,31.354,38.5947,31.3308,
/temp/pranav/dynamic_pc_data/redandblack/experiments/3DD_4_noQuantize_OM=4_r1/decompressed/redandblack_dec_1528.ply,-1.0,-1.0,43.442652100678025,1.1899,0.851452,1.02068,59.5792,242.0,,,,,,,,,,0.881548,,,,,,29.9966,,,,31.3873,38.3737,31.311,
/temp/pranav/dynamic_pc_data/redandblack/experiments/3DD_4_noQuantize_OM=4_r1/decompressed/redandblack_dec_1529.ply,-1.0,-1.0,43.32033978478786,1.17209,0.874265,1.02318,59.5845,120.0,,,,,,,,,,0.898753,,,,,,30.6054,,,,31.5847,38.4147,31.3758,
/temp/pranav/dynamic_pc_data/redandblack/experiments/3DD_4_noQuantize_OM=4_r1/decompressed/redandblack_dec_1530.ply,-1.0,-1.0,42.91489060209185,1.2012,0.875775,1.03849,59.5371,133.0,,,,,,,,,,0.900409,,,,,,30.5926,,,,31.6347,38.5421,31.3335,
/temp/pranav/dynamic_pc_data/redandblack/experiments/3DD_4_noQuantize_OM=4_r1/decompressed/redandblack_dec_1531.ply,-1.0,-1.0,42.46030238924147,1.11276,0.859133,0.985945,59.7658,125.0,,,,,,,,,,0.88355,,,,,,30.0989,,,,31.7355,38.3754,31.4699,
/temp/pranav/dynamic_pc_data/redandblack/experiments/3DD_4_noQuantize_OM=4_r1/decompressed/redandblack_dec_1532.ply,-1.0,-1.0,42.17542350212751,1.15406,0.818915,0.986487,59.7563,155.0,,,,,,,,,,0.874706,,,,,,29.1398,,,,31.8148,38.4431,31.3603,
/temp/pranav/dynamic_pc_data/redandblack/experiments/3DD_4_noQuantize_OM=4_r1/decompressed/redandblack_dec_1533.ply,-1.0,-1.0,41.73571673195498,1.11428,0.886911,1.00059,59.6994,176.0,,,,,,,,,,0.891107,,,,,,29.9848,,,,31.8136,38.4633,31.308,
/temp/pranav/dynamic_pc_data/redandblack/experiments/3DD_4_noQuantize_OM=4_r1/decompressed/redandblack_dec_1534.ply,-1.0,-1.0,41.649905434680484,1.11899,0.818856,0.968922,59.8951,185.0,,,,,,,,,,0.865363,,,,,,29.5078,,,,31.9685,38.6034,31.4293,
/temp/pranav/dynamic_pc_data/redandblack/experiments/3DD_4_noQuantize_OM=4_r1/decompressed/redandblack_dec_1535.ply,-1.0,-1.0,41.27041985196299,1.17521,0.811272,0.993243,59.8639,130.0,,,,,,,,,,0.879971,,,,,,29.6758,,,,32.0062,38.6608,31.2917,
/temp/pranav/dynamic_pc_data/redandblack/experiments/3DD_4_noQuantize_OM=4_r1/decompressed/redandblack_dec_1536.ply,-1.0,-1.0,41.39031878747367,1.18616,0.833429,1.0098,59.7979,185.0,,,,,,,,,,0.877336,,,,,,29.4493,,,,31.8768,38.6533,31.291,
/temp/pranav/dynamic_pc_data/redandblack/experiments/3DD_4_noQuantize_OM=4_r1/decompressed/redandblack_dec_1537.ply,-1.0,-1.0,41.5728069042846,1.07558,0.830598,0.953088,59.9496,131.0,,,,,,,,,,0.88751,,,,,,30.5022,,,,31.8515,38.6175,31.2191,
/temp/pranav/dynamic_pc_data/redandblack/experiments/3DD_4_noQuantize_OM=4_r1/decompressed/redandblack_dec_1538.ply,-1.0,-1.0,41.69191451777563,1.10872,0.820285,0.964502,59.7896,144.0,,,,,,,,,,0.894069,,,,,,30.1815,,,,32.0123,38.7958,31.3077,
/temp/pranav/dynamic_pc_data/redandblack/experiments/3DD_4_noQuantize_OM=4_r1/decompressed/redandblack_dec_1539.ply,-1.0,-1.0,41.45943476911358,1.06444,0.802255,0.933346,60.2134,203.0,,,,,,,,,,0.862206,,,,,,28.8269,,,,32.0338,38.8573,31.331,
/temp/pranav/dynamic_pc_data/redandblack/experiments/3DD_4_noQuantize_OM=4_r1/decompressed/redandblack_dec_1540.ply,-1.0,-1.0,41.619246918854785,1.03954,0.82318,0.93136,60.261,130.0,,,,,,,,,,0.875373,,,,,,29.4538,,,,31.8847,38.8905,31.3208,
/temp/pranav/dynamic_pc_data/redandblack/experiments/3DD_4_noQuantize_OM=4_r1/decompressed/redandblack_dec_1541.ply,-1.0,-1.0,41.59592910197099,1.14137,0.838352,0.989862,59.8948,146.0,,,,,,,,,,0.8975,,,,,,30.638,,,,31.8647,38.8219,31.2546,
/temp/pranav/dynamic_pc_data/redandblack/experiments/3DD_4_noQuantize_OM=4_r1/decompressed/redandblack_dec_1542.ply,-1.0,-1.0,41.95600057608822,1.10796,0.816312,0.962138,59.8392,218.0,,,,,,,,,,0.89662,,,,,,31.0425,,,,32.1429,39.0324,31.4339,
/temp/pranav/dynamic_pc_data/redandblack/experiments/3DD_4_noQuantize_OM=4_r1/decompressed/redandblack_dec_1543.ply,-1.0,-1.0,42.332376105943624,1.04405,0.825941,0.934994,59.8073,144.0,,,,,,,,,,0.869992,,,,,,29.7314,,,,32.1838,39.0096,31.3375,
/temp/pranav/dynamic_pc_data/redandblack/experiments/3DD_4_noQuantize_OM=4_r1/decompressed/redandblack_dec_1544.ply,-1.0,-1.0,42.378650676656726,1.09933,0.816577,0.957956,59.7493,182.0,,,,,,,,,,0.894881,,,,,,30.4982,,,,32.0476,39.0176,31.303,
/temp/pranav/dynamic_pc_data/redandblack/experiments/3DD_4_noQuantize_OM=4_r1/decompressed/redandblack_dec_1545.ply,-1.0,-1.0,42.32675263502378,1.10561,0.796113,0.95086,59.8226,230.0,,,,,,,,,,0.851688,,,,,,26.683,,,,32.0814,39.0838,31.3959,
/temp/pranav/dynamic_pc_data/redandblack/experiments/3DD_4_noQuantize_OM=4_r1/decompressed/redandblack_dec_1546.ply,-1.0,-1.0,41.67720170261005,1.1159,0.861648,0.988774,59.6836,139.0,,,,,,,,,,0.853474,,,,,,28.779,,,,31.8673,39.0752,31.2826,
/temp/pranav/dynamic_pc_data/redandblack/experiments/3DD_4_noQuantize_OM=4_r1/decompressed/redandblack_dec_1547.ply,-1.0,-1.0,41.030107027834745,1.097,0.830384,0.963691,59.8288,169.0,,,,,,,,,,0.873496,,,,,,29.3675,,,,31.8989,39.176,31.3783,
/temp/pranav/dynamic_pc_data/redandblack/experiments/3DD_4_noQuantize_OM=4_r1/decompressed/redandblack_dec_1548.ply,-1.0,-1.0,41.22686599752813,1.12887,0.83917,0.984021,59.7567,148.0,,,,,,,,,,0.860137,,,,,,29.5034,,,,31.9697,39.0974,31.3416,
/temp/pranav/dynamic_pc_data/redandblack/experiments/3DD_4_noQuantize_OM=4_r1/decompressed/redandblack_dec_1549.ply,-1.0,-1.0,41.211424537237264,1.12628,0.806625,0.966451,59.8534,198.0,,,,,,,,,,0.884285,,,,,,29.8627,,,,32.009,39.1096,31.363,
/temp/pranav/dynamic_pc_data/redandblack/experiments/3DD_4_noQuantize_OM=4_r1/decompressed/redandblack_dec_1550.ply,-1.0,-1.0,40.370325106144854,1.09717,0.811915,0.954543,59.9153,117.0,,,,,,,,,,0.853162,,,,,,29.4208,,,,31.8387,39.0595,31.3468,
/temp/pranav/dynamic_pc_data/redandblack/experiments/3DD_4_noQuantize_OM=4_r1/decompressed/redandblack_dec_1551.ply,-1.0,-1.0,40.29592274960808,1.12291,0.872459,0.997683,59.7435,145.0,,,,,,,,,,0.858866,,,,,,29.5641,,,,31.7115,39.1028,31.2888,
/temp/pranav/dynamic_pc_data/redandblack/experiments/3DD_4_noQuantize_OM=4_r1/decompressed/redandblack_dec_1552.ply,-1.0,-1.0,39.99183120615222,1.16884,0.848852,1.00885,59.9461,260.0,,,,,,,,,,0.851415,,,,,,29.344,,,,31.5915,38.9977,31.3443,
/temp/pranav/dynamic_pc_data/redandblack/experiments/3DD_4_noQuantize_OM=4_r1/decompressed/redandblack_dec_1553.ply,-1.0,-1.0,39.77891062687592,1.1607,0.832331,0.996516,60.1852,113.0,,,,,,,,,,0.851107,,,,,,28.6834,,,,31.2574,38.977,31.4157,
/temp/pranav/dynamic_pc_data/redandblack/experiments/3DD_4_noQuantize_OM=4_r1/decompressed/redandblack_dec_1554.ply,-1.0,-1.0,39.991674347760714,1.19364,0.910485,1.05206,59.8911,144.0,,,,,,,,,,0.854874,,,,,,29.18,,,,31.4696,39.074,31.3307,
/temp/pranav/dynamic_pc_data/redandblack/experiments/3DD_4_noQuantize_OM=4_r1/decompressed/redandblack_dec_1555.ply,-1.0,-1.0,39.9519243076907,1.16605,0.827558,0.996805,60.2643,125.0,,,,,,,,,,0.849364,,,,,,28.8176,,,,31.5266,38.9556,31.4021,
/temp/pranav/dynamic_pc_data/redandblack/experiments/3DD_4_noQuantize_OM=4_r1/decompressed/redandblack_dec_1556.ply,-1.0,-1.0,40.51968875265268,1.073,0.787603,0.930303,60.4556,173.0,,,,,,,,,,0.842981,,,,,,28.4187,,,,31.9252,39.0231,31.2742,
/temp/pranav/dynamic_pc_data/redandblack/experiments/3DD_4_noQuantize_OM=4_r1/decompressed/redandblack_dec_1557.ply,-1.0,-1.0,40.93325179218784,1.10661,0.792002,0.949308,60.4821,222.0,,,,,,,,,,0.853715,,,,,,28.8319,,,,31.783,38.8829,31.3267,
/temp/pranav/dynamic_pc_data/redandblack/experiments/3DD_4_noQuantize_OM=4_r1/decompressed/redandblack_dec_1558.ply,-1.0,-1.0,40.96422420604629,1.1326,0.809285,0.970942,60.2248,313.0,,,,,,,,,,0.837965,,,,,,28.7417,,,,31.669,38.8927,31.2973,
/temp/pranav/dynamic_pc_data/redandblack/experiments/3DD_4_noQuantize_OM=4_r1/decompressed/redandblack_dec_1559.ply,-1.0,-1.0,40.977285027623424,1.08254,0.778321,0.93043,60.3752,278.0,,,,,,,,,,0.83748,,,,,,28.6524,,,,31.7638,39.0567,31.2317,
/temp/pranav/dynamic_pc_data/redandblack/experiments/3DD_4_noQuantize_OM=4_r1/decompressed/redandblack_dec_1560.ply,-1.0,-1.0,41.29504646805018,1.05613,0.733793,0.894963,60.4878,157.0,,,,,,,,,,0.86719,,,,,,29.3836,,,,31.8953,39.0816,31.2869,
/temp/pranav/dynamic_pc_data/redandblack/experiments/3DD_4_noQuantize_OM=4_r1/decompressed/redandblack_dec_1561.ply,-1.0,-1.0,41.24954924946834,1.11073,0.769385,0.940056,60.2338,181.0,,,,,,,,,,0.863652,,,,,,29.2134,,,,31.7859,39.0455,31.3054,
/temp/pranav/dynamic_pc_data/redandblack/experiments/3DD_4_noQuantize_OM=4_r1/decompressed/redandblack_dec_1562.ply,-1.0,-1.0,41.82742965912572,1.11128,0.789604,0.95044,60.122,161.0,,,,,,,,,,0.842482,,,,,,29.219,,,,31.6173,39.021,31.3419,
/temp/pranav/dynamic_pc_data/redandblack/experiments/3DD_4_noQuantize_OM=4_r1/decompressed/redandblack_dec_1563.ply,-1.0,-1.0,42.70328090163717,1.14881,0.786944,0.967877,59.8845,341.0,,,,,,,,,,0.845524,,,,,,29.3636,,,,31.6219,38.9624,31.142,
/temp/pranav/dynamic_pc_data/redandblack/experiments/3DD_4_noQuantize_OM=4_r1/decompressed/redandblack_dec_1564.ply,-1.0,-1.0,43.18676000101655,1.1042,0.75372,0.928958,60.0634,170.0,,,,,,,,,,0.856323,,,,,,29.6786,,,,31.6619,39.0209,31.2363,
/temp/pranav/dynamic_pc_data/redandblack/experiments/3DD_4_noQuantize_OM=4_r1/decompressed/redandblack_dec_1565.ply,-1.0,-1.0,43.43512612392578,1.09951,0.765238,0.932375,60.0355,158.0,,,,,,,,,,0.84731,,,,,,28.9582,,,,31.5302,39.0734,31.3049,
/temp/pranav/dynamic_pc_data/redandblack/experiments/3DD_4_noQuantize_OM=4_r1/decompressed/redandblack_dec_1566.ply,-1.0,-1.0,43.964021869735944,1.04301,0.705201,0.874104,60.3145,281.0,,,,,,,,,,0.867607,,,,,,29.6913,,,,31.7448,39.1994,31.2366,
/temp/pranav/dynamic_pc_data/redandblack/experiments/3DD_4_noQuantize_OM=4_r1/decompressed/redandblack_dec_1567.ply,-1.0,-1.0,43.79921360188094,1.06014,0.71706,0.888601,60.2418,121.0,,,,,,,,,,0.858646,,,,,,29.7153,,,,31.7166,39.3416,31.1378,
/temp/pranav/dynamic_pc_data/redandblack/experiments/3DD_4_noQuantize_OM=4_r1/decompressed/redandblack_dec_1568.ply,-1.0,-1.0,43.797896605788985,1.0682,0.748093,0.908146,60.1478,133.0,,,,,,,,,,0.863921,,,,,,29.3513,,,,31.6985,39.3677,31.1712,
/temp/pranav/dynamic_pc_data/redandblack/experiments/3DD_4_noQuantize_OM=4_r1/decompressed/redandblack_dec_1569.ply,-1.0,-1.0,43.56007336857456,1.08702,0.752522,0.91977,60.1064,169.0,,,,,,,,,,0.870967,,,,,,29.9072,,,,31.6928,39.2111,31.1321,
/temp/pranav/dynamic_pc_data/redandblack/experiments/3DD_4_noQuantize_OM=4_r1/decompressed/redandblack_dec_1570.ply,-1.0,-1.0,43.18560152026622,1.10155,0.738204,0.91988,60.111,146.0,,,,,,,,,,0.850891,,,,,,29.3378,,,,31.7832,39.1414,31.2288,
/temp/pranav/dynamic_pc_data/redandblack/experiments/3DD_4_noQuantize_OM=4_r1/decompressed/redandblack_dec_1571.ply,-1.0,-1.0,42.769498369659445,1.14374,0.746214,0.944978,59.9988,110.0,,,,,,,,,,0.861604,,,,,,29.2243,,,,31.8213,39.3699,31.2408,
/temp/pranav/dynamic_pc_data/redandblack/experiments/3DD_4_noQuantize_OM=4_r1/decompressed/redandblack_dec_1572.ply,-1.0,-1.0,42.15217553075674,1.16427,0.764473,0.964372,59.9202,129.0,,,,,,,,,,0.864764,,,,,,29.5223,,,,31.8338,39.3057,31.3165,
/temp/pranav/dynamic_pc_data/redandblack/experiments/3DD_4_noQuantize_OM=4_r1/decompressed/redandblack_dec_1573.ply,-1.0,-1.0,42.236280009997,1.07764,0.767169,0.922406,60.1246,141.0,,,,,,,,,,0.844387,,,,,,28.8099,,,,31.8118,39.2529,31.2449,
/temp/pranav/dynamic_pc_data/redandblack/experiments/3DD_4_noQuantize_OM=4_r1/decompressed/redandblack_dec_1574.ply,-1.0,-1.0,42.48330152804282,1.14669,0.813315,0.980003,59.8676,123.0,,,,,,,,,,0.867433,,,,,,29.8902,,,,31.7592,39.091,31.4009,
/temp/pranav/dynamic_pc_data/redandblack/experiments/3DD_4_noQuantize_OM=4_r1/decompressed/redandblack_dec_1575.ply,-1.0,-1.0,42.059786375086624,1.13465,0.780347,0.957497,60.2293,125.0,,,,,,,,,,0.838753,,,,,,28.7306,,,,31.7783,39.1521,31.3939,
/temp/pranav/dynamic_pc_data/redandblack/experiments/3DD_4_noQuantize_OM=4_r1/decompressed/redandblack_dec_1576.ply,-1.0,-1.0,41.9781684438772,1.13424,0.770661,0.952452,60.2705,106.0,,,,,,,,,,0.847636,,,,,,28.8927,,,,31.7818,39.2135,31.5662,
/temp/pranav/dynamic_pc_data/redandblack/experiments/3DD_4_noQuantize_OM=4_r1/decompressed/redandblack_dec_1577.ply,-1.0,-1.0,41.95427419299533,1.16833,0.819929,0.994128,60.0888,114.0,,,,,,,,,,0.856187,,,,,,29.4278,,,,31.6318,39.3023,31.4888,
/temp/pranav/dynamic_pc_data/redandblack/experiments/3DD_4_noQuantize_OM=4_r1/decompressed/redandblack_dec_1578.ply,-1.0,-1.0,41.62383432239312,1.17591,0.866433,1.02117,60.0167,203.0,,,,,,,,,,0.87216,,,,,,29.8131,,,,31.7904,39.2415,31.4294,
/temp/pranav/dynamic_pc_data/redandblack/experiments/3DD_4_noQuantize_OM=4_r1/decompressed/redandblack_dec_1579.ply,-1.0,-1.0,41.653648751884326,1.19183,0.788157,0.989993,60.0436,105.0,,,,,,,,,,0.880622,,,,,,29.8479,,,,31.7877,39.0794,31.3799,
/temp/pranav/dynamic_pc_data/redandblack/experiments/3DD_4_noQuantize_OM=4_r1/decompressed/redandblack_dec_1580.ply,-1.0,-1.0,41.89101407038755,1.16175,0.797895,0.979823,59.9572,149.0,,,,,,,,,,0.860164,,,,,,29.6987,,,,31.9171,39.093,31.4359,
/temp/pranav/dynamic_pc_data/redandblack/experiments/3DD_4_noQuantize_OM=4_r1/decompressed/redandblack_dec_1581.ply,-1.0,-1.0,42.35511953308363,1.11713,0.792317,0.954725,60.0116,158.0,,,,,,,,,,0.865563,,,,,,29.3262,,,,31.9764,39.0669,31.4345,
/temp/pranav/dynamic_pc_data/redandblack/experiments/3DD_4_noQuantize_OM=4_r1/decompressed/redandblack_dec_1582.ply,-1.0,-1.0,42.190664827586204,1.12228,0.769031,0.945653,60.0417,174.0,,,,,,,,,,0.883833,,,,,,30.0419,,,,32.2096,39.1143,31.4594,
/temp/pranav/dynamic_pc_data/redandblack/experiments/3DD_4_noQuantize_OM=4_r1/decompressed/redandblack_dec_1583.ply,-1.0,-1.0,43.336542793590525,1.03252,0.770945,0.901732,60.2309,162.0,,,,,,,,,,0.856766,,,,,,29.7905,,,,32.0477,39.1015,31.201,
/temp/pranav/dynamic_pc_data/redandblack/experiments/3DD_4_noQuantize_OM=4_r1/decompressed/redandblack_dec_1584.ply,-1.0,-1.0,43.65855580168535,1.03559,0.746805,0.891196,60.2684,150.0,,,,,,,,,,0.874822,,,,,,29.8483,,,,32.0681,38.9653,31.0998,
/temp/pranav/dynamic_pc_data/redandblack/experiments/3DD_4_noQuantize_OM=4_r1/decompressed/redandblack_dec_1585.ply,-1.0,-1.0,43.8929232023166,1.10491,0.775671,0.940289,60.0317,97.0,,,,,,,,,,0.85709,,,,,,29.2488,,,,31.9628,38.7437,31.0101,
/temp/pranav/dynamic_pc_data/redandblack/experiments/3DD_4_noQuantize_OM=4_r1/decompressed/redandblack_dec_1586.ply,-1.0,-1.0,44.707349441966244,1.07263,0.781256,0.926943,60.0855,227.0,,,,,,,,,,0.857145,,,,,,29.2633,,,,32.0663,38.896,30.8948,
/temp/pranav/dynamic_pc_data/redandblack/experiments/3DD_4_noQuantize_OM=4_r1/decompressed/redandblack_dec_1587.ply,-1.0,-1.0,45.04078348104835,1.11227,0.764571,0.93842,60.0195,169.0,,,,,,,,,,0.859464,,,,,,29.1649,,,,31.9556,38.804,30.911,
/temp/pranav/dynamic_pc_data/redandblack/experiments/3DD_4_noQuantize_OM=4_r1/decompressed/redandblack_dec_1588.ply,-1.0,-1.0,45.055445410383236,1.13335,0.740935,0.937141,60.0197,182.0,,,,,,,,,,0.884046,,,,,,30.5961,,,,32.081,38.9864,31.0272,
/temp/pranav/dynamic_pc_data/redandblack/experiments/3DD_4_noQuantize_OM=4_r1/decompressed/redandblack_dec_1589.ply,-1.0,-1.0,44.8032176985136,1.19043,0.805784,0.998105,59.7436,146.0,,,,,,,,,,0.853841,,,,,,28.3533,,,,31.859,38.9361,31.0624,
/temp/pranav/dynamic_pc_data/redandblack/experiments/3DD_4_noQuantize_OM=4_r1/decompressed/redandblack_dec_1590.ply,-1.0,-1.0,44.75654194394208,1.17631,0.808567,0.99244,59.7882,146.0,,,,,,,,,,0.849244,,,,,,28.2621,,,,32.0094,38.9107,31.1602,
/temp/pranav/dynamic_pc_data/redandblack/experiments/3DD_4_noQuantize_OM=4_r1/decompressed/redandblack_dec_1591.ply,-1.0,-1.0,44.67581071784843,1.19113,0.831187,1.01116,59.7149,173.0,,,,,,,,,,0.8683,,,,,,29.9767,,,,32.0451,38.7349,31.1933,
/temp/pranav/dynamic_pc_data/redandblack/experiments/3DD_4_noQuantize_OM=4_r1/decompressed/redandblack_dec_1592.ply,-1.0,-1.0,44.13415017732594,1.17468,0.828667,1.00167,59.7575,212.0,,,,,,,,,,0.857075,,,,,,28.5721,,,,32.0949,38.8792,31.2984,
/temp/pranav/dynamic_pc_data/redandblack/experiments/3DD_4_noQuantize_OM=4_r1/decompressed/redandblack_dec_1593.ply,-1.0,-1.0,43.730209471089786,1.15301,0.830198,0.991605,59.8077,154.0,,,,,,,,,,0.88586,,,,,,30.3823,,,,32.1033,38.8794,31.3509,
/temp/pranav/dynamic_pc_data/redandblack/experiments/3DD_4_noQuantize_OM=4_r1/decompressed/redandblack_dec_1594.ply,-1.0,-1.0,43.30028693937468,1.14953,0.819782,0.984657,59.8382,121.0,,,,,,,,,,0.891864,,,,,,30.2901,,,,32.1516,38.8696,31.4414,
/temp/pranav/dynamic_pc_data/redandblack/experiments/3DD_4_noQuantize_OM=4_r1/decompressed/redandblack_dec_1595.ply,-1.0,-1.0,43.19420014798999,1.15766,0.834021,0.995841,59.7903,173.0,,,,,,,,,,0.868618,,,,,,29.51,,,,32.1273,38.9806,31.5762,
/temp/pranav/dynamic_pc_data/redandblack/experiments/3DD_4_noQuantize_OM=4_r1/decompressed/redandblack_dec_1596.ply,-1.0,-1.0,42.76477455271947,1.10487,0.823242,0.964054,59.9437,104.0,,,,,,,,,,0.874495,,,,,,28.7684,,,,32.0485,39.0341,31.3793,
/temp/pranav/dynamic_pc_data/redandblack/experiments/3DD_4_noQuantize_OM=4_r1/decompressed/redandblack_dec_1597.ply,-1.0,-1.0,42.65641403238672,1.0427,0.783639,0.913168,60.1777,153.0,,,,,,,,,,0.885697,,,,,,29.7184,,,,31.9847,39.0644,31.3387,
/temp/pranav/dynamic_pc_data/redandblack/experiments/3DD_4_noQuantize_OM=4_r1/decompressed/redandblack_dec_1598.ply,-1.0,-1.0,42.60662300361321,1.05157,0.763508,0.907537,60.2454,152.0,,,,,,,,,,0.875719,,,,,,30.3238,,,,31.9056,39.085,31.2227,
/temp/pranav/dynamic_pc_data/redandblack/experiments/3DD_4_noQuantize_OM=4_r1/decompressed/redandblack_dec_1599.ply,-1.0,-1.0,42.04932110959437,1.06449,0.780684,0.922588,60.1327,164.0,,,,,,,,,,0.890057,,,,,,30.714,,,,31.9192,39.1284,31.0881,
/temp/pranav/dynamic_pc_data/redandblack/experiments/3DD_4_noQuantize_OM=4_r1/decompressed/redandblack_dec_1600.ply,-1.0,-1.0,41.62026625447658,1.128,0.863526,0.995765,59.798,121.0,,,,,,,,,,0.886891,,,,,,30.2047,,,,31.8969,39.1504,30.9535,
/temp/pranav/dynamic_pc_data/redandblack/experiments/3DD_4_noQuantize_OM=4_r1/decompressed/redandblack_dec_1601.ply,-1.0,-1.0,41.15143500213236,1.09897,0.863183,0.981078,59.8606,196.0,,,,,,,,,,0.898891,,,,,,30.5505,,,,31.9635,39.265,31.1339,
/temp/pranav/dynamic_pc_data/redandblack/experiments/3DD_4_noQuantize_OM=4_r1/decompressed/redandblack_dec_1602.ply,-1.0,-1.0,40.53107120047278,1.18151,0.881248,1.03138,59.648,465.0,,,,,,,,,,0.863647,,,,,,29.3252,,,,31.919,39.2251,31.1454,
/temp/pranav/dynamic_pc_data/redandblack/experiments/3DD_4_noQuantize_OM=4_r1/decompressed/redandblack_dec_1603.ply,-1.0,-1.0,39.91824313037668,1.09745,0.789097,0.943272,60.0332,125.0,,,,,,,,,,0.876541,,,,,,30.3282,,,,31.9019,39.1924,31.1909,
/temp/pranav/dynamic_pc_data/redandblack/experiments/3DD_4_noQuantize_OM=4_r1/decompressed/redandblack_dec_1604.ply,-1.0,-1.0,39.499062504842435,1.10153,0.859461,0.980497,59.8688,198.0,,,,,,,,,,0.877165,,,,,,30.1369,,,,31.9773,39.2205,31.0368,
/temp/pranav/dynamic_pc_data/redandblack/experiments/3DD_4_noQuantize_OM=4_r1/decompressed/redandblack_dec_1605.ply,-1.0,-1.0,38.58029428161333,1.14395,0.827747,0.985848,59.8436,146.0,,,,,,,,,,0.890758,,,,,,30.5955,,,,31.995,39.2874,31.0907,
/temp/pranav/dynamic_pc_data/redandblack/experiments/3DD_4_noQuantize_OM=4_r1/decompressed/redandblack_dec_1606.ply,-1.0,-1.0,38.70179172196868,1.26954,0.970949,1.12024,59.2912,289.0,,,,,,,,,,0.876312,,,,,,30.061,,,,31.8846,39.2263,31.2741,
/temp/pranav/dynamic_pc_data/redandblack/experiments/3DD_4_noQuantize_OM=4_r1/decompressed/redandblack_dec_1607.ply,-1.0,-1.0,38.20529884041028,1.17829,0.894398,1.03634,59.6307,150.0,,,,,,,,,,0.885102,,,,,,30.0559,,,,32.1021,39.3312,31.4286,
/temp/pranav/dynamic_pc_data/redandblack/experiments/3DD_4_noQuantize_OM=4_r1/decompressed/redandblack_dec_1608.ply,-1.0,-1.0,37.740930980321515,1.16037,0.86755,1.01396,59.7315,115.0,,,,,,,,,,0.890069,,,,,,30.0233,,,,32.0858,39.3913,31.5536,
/temp/pranav/dynamic_pc_data/redandblack/experiments/3DD_4_noQuantize_OM=4_r1/decompressed/redandblack_dec_1609.ply,-1.0,-1.0,37.44524219621266,1.16839,0.865237,1.01682,59.7223,169.0,,,,,,,,,,0.870528,,,,,,29.8548,,,,32.1436,39.3854,31.6895,
/temp/pranav/dynamic_pc_data/redandblack/experiments/3DD_4_noQuantize_OM=4_r1/decompressed/redandblack_dec_1610.ply,-1.0,-1.0,37.96662864405749,1.04146,0.781883,0.91167,60.1865,110.0,,,,,,,,,,0.861714,,,,,,29.1392,,,,32.0651,39.3119,31.547,
/temp/pranav/dynamic_pc_data/redandblack/experiments/3DD_4_noQuantize_OM=4_r1/decompressed/redandblack_dec_1611.ply,-1.0,-1.0,38.33947753018829,1.05428,0.773192,0.913734,60.3429,130.0,,,,,,,,,,0.868221,,,,,,29.895,,,,32.2027,39.3247,31.5013,
/temp/pranav/dynamic_pc_data/redandblack/experiments/3DD_4_noQuantize_OM=4_r1/decompressed/redandblack_dec_1612.ply,-1.0,-1.0,38.61185208748318,1.05828,0.793286,0.925782,60.2905,122.0,,,,,,,,,,0.877868,,,,,,29.907,,,,32.0899,39.2258,31.5261,
/temp/pranav/dynamic_pc_data/redandblack/experiments/3DD_4_noQuantize_OM=4_r1/decompressed/redandblack_dec_1613.ply,-1.0,-1.0,38.53761761015164,1.06459,0.807688,0.936141,60.0805,189.0,,,,,,,,,,0.867297,,,,,,29.7844,,,,32.2019,39.2556,31.5665,
/temp/pranav/dynamic_pc_data/redandblack/experiments/3DD_4_noQuantize_OM=4_r1/decompressed/redandblack_dec_1614.ply,-1.0,-1.0,38.44249504831039,1.09178,0.812654,0.952218,59.9936,120.0,,,,,,,,,,0.88277,,,,,,30.2334,,,,31.963,39.1062,31.4236,
/temp/pranav/dynamic_pc_data/redandblack/experiments/3DD_4_noQuantize_OM=4_r1/decompressed/redandblack_dec_1615.ply,-1.0,-1.0,38.75096851349331,1.00439,0.771132,0.887759,60.2614,113.0,,,,,,,,,,0.886969,,,,,,30.1414,,,,32.2812,39.271,31.5837,
/temp/pranav/dynamic_pc_data/redandblack/experiments/3DD_4_noQuantize_OM=4_r1/decompressed/redandblack_dec_1616.ply,-1.0,-1.0,37.98256351799216,1.10725,0.839015,0.973133,59.8933,153.0,,,,,,,,,,0.86614,,,,,,29.3878,,,,32.1945,38.9913,31.6492,
/temp/pranav/dynamic_pc_data/redandblack/experiments/3DD_4_noQuantize_OM=4_r1/decompressed/redandblack_dec_1617.ply,-1.0,-1.0,38.222963094402054,1.30254,1.14918,1.22586,58.8376,221.0,,,,,,,,,,0.867941,,,,,,29.7875,,,,32.0382,39.0372,31.6461,
/temp/pranav/dynamic_pc_data/redandblack/experiments/3DD_4_noQuantize_OM=4_r1/decompressed/redandblack_dec_1618.ply,-1.0,-1.0,38.294406990792034,1.2729,1.0746,1.17375,59.0164,134.0,,,,,,,,,,0.866699,,,,,,29.5029,,,,32.0996,39.2147,31.7111,
/temp/pranav/dynamic_pc_data/redandblack/experiments/3DD_4_noQuantize_OM=4_r1/decompressed/redandblack_dec_1619.ply,-1.0,-1.0,38.338612560851494,1.1403,0.889882,1.01509,59.6399,136.0,,,,,,,,,,0.88751,,,,,,30.1679,,,,32.1471,39.0265,31.8038,
/temp/pranav/dynamic_pc_data/redandblack/experiments/3DD_4_noQuantize_OM=4_r1/decompressed/redandblack_dec_1620.ply,-1.0,-1.0,38.65738027083215,1.2684,1.05827,1.16334,59.0388,152.0,,,,,,,,,,0.864396,,,,,,29.6092,,,,31.8122,38.8679,31.5731,
/temp/pranav/dynamic_pc_data/redandblack/experiments/3DD_4_noQuantize_OM=4_r1/decompressed/redandblack_dec_1621.ply,-1.0,-1.0,38.5593816023679,1.22424,0.863041,1.04364,59.5312,123.0,,,,,,,,,,0.872225,,,,,,29.5279,,,,31.9272,38.9001,31.5196,
/temp/pranav/dynamic_pc_data/redandblack/experiments/3DD_4_noQuantize_OM=4_r1/decompressed/redandblack_dec_1622.ply,-1.0,-1.0,38.9344554843604,1.18479,0.850938,1.01786,59.5984,155.0,,,,,,,,,,0.85288,,,,,,29.3095,,,,31.8968,39.1073,31.5603,
/temp/pranav/dynamic_pc_data/redandblack/experiments/3DD_4_noQuantize_OM=4_r1/decompressed/redandblack_dec_1623.ply,-1.0,-1.0,39.48147335459613,1.08049,0.799906,0.9402,59.9291,154.0,,,,,,,,,,0.880469,,,,,,30.182,,,,31.9699,39.1291,31.5933,
/temp/pranav/dynamic_pc_data/redandblack/experiments/3DD_4_noQuantize_OM=4_r1/decompressed/redandblack_dec_1624.ply,-1.0,-1.0,39.82500462199863,1.13954,0.812236,0.975887,59.7764,174.0,,,,,,,,,,0.874923,,,,,,29.6644,,,,32.0075,39.0634,31.4584,
/temp/pranav/dynamic_pc_data/redandblack/experiments/3DD_4_noQuantize_OM=4_r1/decompressed/redandblack_dec_1625.ply,-1.0,-1.0,40.436341139051414,1.16771,0.810311,0.989009,59.7104,109.0,,,,,,,,,,0.856645,,,,,,29.1266,,,,32.0519,39.2279,31.3354,
/temp/pranav/dynamic_pc_data/redandblack/experiments/3DD_4_noQuantize_OM=4_r1/decompressed/redandblack_dec_1626.ply,-1.0,-1.0,40.26886782517114,1.11921,0.804968,0.962087,59.8193,178.0,,,,,,,,,,0.854088,,,,,,29.5151,,,,31.9477,39.1687,31.3431,
/temp/pranav/dynamic_pc_data/redandblack/experiments/3DD_4_noQuantize_OM=4_r1/decompressed/redandblack_dec_1627.ply,-1.0,-1.0,39.990367242348576,1.14579,0.828373,0.987083,59.7023,152.0,,,,,,,,,,0.877005,,,,,,30.1468,,,,31.9167,39.0913,31.4215,
/temp/pranav/dynamic_pc_data/redandblack/experiments/3DD_4_noQuantize_OM=4_r1/decompressed/redandblack_dec_1628.ply,-1.0,-1.0,39.782842576214755,1.13463,0.779719,0.957176,59.8361,152.0,,,,,,,,,,0.867656,,,,,,29.9442,,,,31.9146,39.2602,31.5265,
/temp/pranav/dynamic_pc_data/redandblack/experiments/3DD_4_noQuantize_OM=4_r1/decompressed/redandblack_dec_1629.ply,-1.0,-1.0,39.3311037133331,1.11,0.816383,0.963189,59.7917,170.0,,,,,,,,,,0.860422,,,,,,29.1728,,,,31.8961,39.1551,31.3875,
/temp/pranav/dynamic_pc_data/redandblack/experiments/3DD_4_noQuantize_OM=4_r1/decompressed/redandblack_dec_1630.ply,-1.0,-1.0,39.99810655096751,1.06139,0.770481,0.915933,60.0017,194.0,,,,,,,,,,0.869151,,,,,,29.772,,,,32.0275,39.2542,31.4288,
/temp/pranav/dynamic_pc_data/redandblack/experiments/3DD_4_noQuantize_OM=4_r1/decompressed/redandblack_dec_1631.ply,-1.0,-1.0,39.97338264409349,1.08311,0.778687,0.930897,59.9242,389.0,,,,,,,,,,0.869986,,,,,,29.8257,,,,31.8627,39.1044,31.4241,
/temp/pranav/dynamic_pc_data/redandblack/experiments/3DD_4_noQuantize_OM=4_r1/decompressed/redandblack_dec_1632.ply,-1.0,-1.0,40.040936009341245,1.01789,0.731538,0.874712,60.1757,113.0,,,,,,,,,,0.865503,,,,,,29.2483,,,,31.8868,39.0886,31.2793,
/temp/pranav/dynamic_pc_data/redandblack/experiments/3DD_4_noQuantize_OM=4_r1/decompressed/redandblack_dec_1633.ply,-1.0,-1.0,39.97411399096447,1.07567,0.751708,0.913688,59.9786,134.0,,,,,,,,,,0.883756,,,,,,29.8916,,,,31.8917,39.3615,31.4213,
/temp/pranav/dynamic_pc_data/redandblack/experiments/3DD_4_noQuantize_OM=4_r1/decompressed/redandblack_dec_1634.ply,-1.0,-1.0,40.515341486319485,1.06176,0.732722,0.897241,60.0421,98.0,,,,,,,,,,0.853322,,,,,,28.2059,,,,32.0195,39.45,31.427,
/temp/pranav/dynamic_pc_data/redandblack/experiments/3DD_4_noQuantize_OM=4_r1/decompressed/redandblack_dec_1635.ply,-1.0,-1.0,40.35812750686088,1.01854,0.731549,0.875046,60.1443,234.0,,,,,,,,,,0.879045,,,,,,29.2477,,,,32.1484,39.3769,31.4925,
/temp/pranav/dynamic_pc_data/redandblack/experiments/3DD_4_noQuantize_OM=4_r1/decompressed/redandblack_dec_1636.ply,-1.0,-1.0,40.576234403313144,1.06476,0.753565,0.909164,59.997,185.0,,,,,,,,,,0.879649,,,,,,30.2352,,,,32.2102,39.5116,31.5456,
/temp/pranav/dynamic_pc_data/redandblack/experiments/3DD_4_noQuantize_OM=4_r1/decompressed/redandblack_dec_1637.ply,-1.0,-1.0,40.89275692469763,1.0574,0.754129,0.905764,59.985,198.0,,,,,,,,,,0.854619,,,,,,28.5288,,,,32.08,39.294,31.5583,
/temp/pranav/dynamic_pc_data/redandblack/experiments/3DD_4_noQuantize_OM=4_r1/decompressed/redandblack_dec_1638.ply,-1.0,-1.0,40.6379045093543,1.03624,0.756983,0.896612,60.0313,261.0,,,,,,,,,,0.867576,,,,,,29.4547,,,,32.2135,39.4188,31.6934,
/temp/pranav/dynamic_pc_data/redandblack/experiments/3DD_4_noQuantize_OM=4_r1/decompressed/redandblack_dec_1639.ply,-1.0,-1.0,40.60408135091043,1.10338,0.769861,0.93662,59.8636,177.0,,,,,,,,,,0.871788,,,,,,29.5963,,,,32.1347,39.5023,31.6104,
/temp/pranav/dynamic_pc_data/redandblack/experiments/3DD_4_noQuantize_OM=4_r1/decompressed/redandblack_dec_1640.ply,-1.0,-1.0,40.587756358541036,1.06757,0.75463,0.911099,59.9605,146.0,,,,,,,,,,0.860613,,,,,,28.8336,,,,32.1531,39.2914,31.6216,
/temp/pranav/dynamic_pc_data/redandblack/experiments/3DD_4_noQuantize_OM=4_r1/decompressed/redandblack_dec_1641.ply,-1.0,-1.0,40.46843967221183,1.03672,0.75751,0.897115,60.0593,128.0,,,,,,,,,,0.878661,,,,,,29.8161,,,,32.1034,39.3509,31.7105,
/temp/pranav/dynamic_pc_data/redandblack/experiments/3DD_4_noQuantize_OM=4_r1/decompressed/redandblack_dec_1642.ply,-1.0,-1.0,40.41774731039294,1.05999,0.791359,0.925672,59.8898,117.0,,,,,,,,,,0.848279,,,,,,27.4864,,,,32.0156,39.37,31.5159,
/temp/pranav/dynamic_pc_data/redandblack/experiments/3DD_4_noQuantize_OM=4_r1/decompressed/redandblack_dec_1643.ply,-1.0,-1.0,40.49705025684478,1.06475,0.775398,0.920075,59.9168,117.0,,,,,,,,,,0.857111,,,,,,29.0553,,,,31.8441,39.3105,31.615,
/temp/pranav/dynamic_pc_data/redandblack/experiments/3DD_4_noQuantize_OM=4_r1/decompressed/redandblack_dec_1644.ply,-1.0,-1.0,40.5639120777111,1.08531,0.796717,0.941013,59.9229,241.0,,,,,,,,,,0.847751,,,,,,27.0649,,,,31.662,39.2977,31.5733,
/temp/pranav/dynamic_pc_data/redandblack/experiments/3DD_4_noQuantize_OM=4_r1/decompressed/redandblack_dec_1645.ply,-1.0,-1.0,40.34045673470034,1.05224,0.764585,0.908411,60.1369,125.0,,,,,,,,,,0.859295,,,,,,29.5697,,,,31.9069,39.3881,31.6066,
/temp/pranav/dynamic_pc_data/redandblack/experiments/3DD_4_noQuantize_OM=4_r1/decompressed/redandblack_dec_1646.ply,-1.0,-1.0,40.52720474642203,1.09187,0.787601,0.939738,59.8291,193.0,,,,,,,,,,0.865523,,,,,,29.3599,,,,31.8899,39.4822,31.5325,
/temp/pranav/dynamic_pc_data/redandblack/experiments/3DD_4_noQuantize_OM=4_r1/decompressed/redandblack_dec_1647.ply,-1.0,-1.0,40.75762667373759,1.06183,0.841668,0.95175,59.7996,169.0,,,,,,,,,,0.838289,,,,,,27.4044,,,,31.8336,39.1774,31.5021,
/temp/pranav/dynamic_pc_data/redandblack/experiments/3DD_4_noQuantize_OM=4_r1/decompressed/redandblack_dec_1648.ply,-1.0,-1.0,41.07302531931121,1.03049,0.763287,0.89689,60.0225,120.0,,,,,,,,,,0.870093,,,,,,28.8998,,,,32.1403,39.3814,31.4651,
/temp/pranav/dynamic_pc_data/redandblack/experiments/3DD_4_noQuantize_OM=4_r1/decompressed/redandblack_dec_1649.ply,-1.0,-1.0,41.17736096957491,1.17868,0.895008,1.03685,59.4127,229.0,,,,,,,,,,0.845805,,,,,,27.6891,,,,31.7755,39.0475,31.2795,
/temp/pranav/dynamic_pc_data/redandblack/experiments/3DD_4_noQuantize_OM=4_r1/decompressed/redandblack_dec_1650.ply,-1.0,-1.0,41.14639763249933,1.11121,0.853645,0.98243,59.663,174.0,,,,,,,,,,0.86431,,,,,,29.6619,,,,32.0079,39.272,31.3915,
/temp/pranav/dynamic_pc_data/redandblack/experiments/3DD_4_noQuantize_OM=4_r1/decompressed/redandblack_dec_1651.ply,-1.0,-1.0,40.67400144142419,1.11224,0.789086,0.950661,59.7979,144.0,,,,,,,,,,0.880067,,,,,,30.134,,,,31.9895,39.1097,31.4477,
/temp/pranav/dynamic_pc_data/redandblack/experiments/3DD_4_noQuantize_OM=4_r1/decompressed/redandblack_dec_1652.ply,-1.0,-1.0,40.94492261645013,1.13342,0.767008,0.950213,59.8176,131.0,,,,,,,,,,0.857353,,,,,,28.9721,,,,32.0067,39.2101,31.5354,
/temp/pranav/dynamic_pc_data/redandblack/experiments/3DD_4_noQuantize_OM=4_r1/decompressed/redandblack_dec_1653.ply,-1.0,-1.0,41.10763458186456,1.18293,0.860794,1.02186,59.5039,149.0,,,,,,,,,,0.873556,,,,,,29.9336,,,,31.974,39.2547,31.6433,
/temp/pranav/dynamic_pc_data/redandblack/experiments/3DD_4_noQuantize_OM=4_r1/decompressed/redandblack_dec_1654.ply,-1.0,-1.0,41.127034621848736,1.18874,0.882499,1.03562,59.4795,153.0,,,,,,,,,,0.865983,,,,,,28.2813,,,,31.9524,39.071,31.7228,
/temp/pranav/dynamic_pc_data/redandblack/experiments/3DD_4_noQuantize_OM=4_r1/decompressed/redandblack_dec_1655.ply,-1.0,-1.0,41.48777606427925,1.07847,0.78797,0.933222,59.9556,157.0,,,,,,,,,,0.869482,,,,,,27.7448,,,,32.0111,39.3,31.8067,
/temp/pranav/dynamic_pc_data/redandblack/experiments/3DD_4_noQuantize_OM=4_r1/decompressed/redandblack_dec_1656.ply,-1.0,-1.0,41.31786064040307,1.05964,0.755784,0.907715,60.0916,81.0,,,,,,,,,,0.868025,,,,,,29.9885,,,,32.111,39.5556,31.8322,
/temp/pranav/dynamic_pc_data/redandblack/experiments/3DD_4_noQuantize_OM=4_r1/decompressed/redandblack_dec_1657.ply,-1.0,-1.0,40.55154347379376,1.09284,0.779001,0.935923,60.0255,123.0,,,,,,,,,,0.877609,,,,,,30.3599,,,,32.2014,39.6037,31.8973,
/temp/pranav/dynamic_pc_data/redandblack/experiments/3DD_4_noQuantize_OM=4_r1/decompressed/redandblack_dec_1658.ply,-1.0,-1.0,40.556382463886294,1.06734,0.783547,0.925444,60.0603,131.0,,,,,,,,,,0.868923,,,,,,30.0779,,,,32.3639,39.739,31.9944,
/temp/pranav/dynamic_pc_data/redandblack/experiments/3DD_4_noQuantize_OM=4_r1/decompressed/redandblack_dec_1659.ply,-1.0,-1.0,40.382423455108096,1.03961,0.790413,0.91501,60.1176,288.0,,,,,,,,,,0.874931,,,,,,29.1698,,,,32.3714,39.6464,31.9185,
/temp/pranav/dynamic_pc_data/redandblack/experiments/3DD_4_noQuantize_OM=4_r1/decompressed/redandblack_dec_1660.ply,-1.0,-1.0,40.23713790731111,1.05709,0.780599,0.918842,60.1062,169.0,,,,,,,,,,0.880633,,,,,,29.062,,,,32.2228,39.6132,31.7342,
/temp/pranav/dynamic_pc_data/redandblack/experiments/3DD_4_noQuantize_OM=4_r1/decompressed/redandblack_dec_1661.ply,-1.0,-1.0,39.873180575072546,1.05207,0.793243,0.922655,60.1071,180.0,,,,,,,,,,0.866005,,,,,,29.754,,,,32.4103,39.8425,31.7363,
/temp/pranav/dynamic_pc_data/redandblack/experiments/3DD_4_noQuantize_OM=4_r1/decompressed/redandblack_dec_1662.ply,-1.0,-1.0,40.09010900578909,1.0329,0.764357,0.898629,60.2334,168.0,,,,,,,,,,0.851247,,,,,,28.7933,,,,32.2833,39.7265,31.6842,
/temp/pranav/dynamic_pc_data/redandblack/experiments/3DD_4_noQuantize_OM=4_r1/decompressed/redandblack_dec_1663.ply,-1.0,-1.0,40.308401473272234,1.02632,0.757954,0.892137,60.2675,134.0,,,,,,,,,,0.877,,,,,,30.181,,,,32.4046,39.7769,31.6797,
/temp/pranav/dynamic_pc_data/redandblack/experiments/3DD_4_noQuantize_OM=4_r1/decompressed/redandblack_dec_1664.ply,-1.0,-1.0,40.45163508638292,1.05749,0.765936,0.911712,60.1826,153.0,,,,,,,,,,0.869934,,,,,,29.5491,,,,32.1941,39.6834,31.6102,
/temp/pranav/dynamic_pc_data/redandblack/experiments/3DD_4_noQuantize_OM=4_r1/decompressed/redandblack_dec_1665.ply,-1.0,-1.0,40.86975436646215,1.03259,0.748628,0.890611,60.2764,118.0,,,,,,,,,,0.866622,,,,,,29.3391,,,,32.0409,39.6471,31.7091,
/temp/pranav/dynamic_pc_data/redandblack/experiments/3DD_4_noQuantize_OM=4_r1/decompressed/redandblack_dec_1666.ply,-1.0,-1.0,40.77582796111742,1.01811,0.76074,0.889427,60.2818,125.0,,,,,,,,,,0.850238,,,,,,29.2492,,,,32.1024,39.7739,31.716,
/temp/pranav/dynamic_pc_data/redandblack/experiments/3DD_4_noQuantize_OM=4_r1/decompressed/redandblack_dec_1667.ply,-1.0,-1.0,40.6040274514489,1.12284,0.830455,0.976648,59.8639,197.0,,,,,,,,,,0.881212,,,,,,29.8336,,,,32.1464,39.6145,31.7259,
/temp/pranav/dynamic_pc_data/redandblack/experiments/3DD_4_noQuantize_OM=4_r1/decompressed/redandblack_dec_1668.ply,-1.0,-1.0,40.92487262919039,1.08618,0.842217,0.964196,60.0612,128.0,,,,,,,,,,0.87045,,,,,,30.1431,,,,32.2051,39.5696,31.7951,
/temp/pranav/dynamic_pc_data/redandblack/experiments/3DD_4_noQuantize_OM=4_r1/decompressed/redandblack_dec_1669.ply,-1.0,-1.0,40.73374517765281,1.09275,0.83128,0.962014,60.2259,157.0,,,,,,,,,,0.862475,,,,,,29.6527,,,,32.0415,39.4619,31.8162,
/temp/pranav/dynamic_pc_data/redandblack/experiments/3DD_4_noQuantize_OM=4_r1/decompressed/redandblack_dec_1670.ply,-1.0,-1.0,40.40002430217108,1.08645,0.825582,0.956016,60.1856,109.0,,,,,,,,,,0.883962,,,,,,29.8978,,,,32.1693,39.4687,31.9102,
/temp/pranav/dynamic_pc_data/redandblack/experiments/3DD_4_noQuantize_OM=4_r1/decompressed/redandblack_dec_1671.ply,-1.0,-1.0,40.39724981708589,1.05998,0.833415,0.946698,60.1134,136.0,,,,,,,,,,0.894162,,,,,,30.2687,,,,32.3481,39.4985,31.8554,
/temp/pranav/dynamic_pc_data/redandblack/experiments/3DD_4_noQuantize_OM=4_r1/decompressed/redandblack_dec_1672.ply,-1.0,-1.0,40.15737243487999,1.12521,0.861642,0.993427,59.9339,332.0,,,,,,,,,,0.889634,,,,,,30.1021,,,,32.2597,39.3985,31.8716,
/temp/pranav/dynamic_pc_data/redandblack/experiments/3DD_4_noQuantize_OM=4_r1/decompressed/redandblack_dec_1673.ply,-1.0,-1.0,40.57876436556695,1.06181,0.826749,0.94428,60.1895,139.0,,,,,,,,,,0.873846,,,,,,29.5952,,,,32.3107,39.3649,31.6436,
/temp/pranav/dynamic_pc_data/redandblack/experiments/3DD_4_noQuantize_OM=4_r1/decompressed/redandblack_dec_1674.ply,-1.0,-1.0,40.090476814595405,1.10815,0.875951,0.99205,60.1159,126.0,,,,,,,,,,0.905117,,,,,,30.8742,,,,32.1667,39.3876,31.6477,
/temp/pranav/dynamic_pc_data/redandblack/experiments/3DD_4_noQuantize_OM=4_r1/decompressed/redandblack_dec_1675.ply,-1.0,-1.0,39.56829644692639,1.0996,0.918077,1.00884,59.9131,149.0,,,,,,,,,,0.877912,,,,,,29.0025,,,,31.9474,39.4376,31.6316,
/temp/pranav/dynamic_pc_data/redandblack/experiments/3DD_4_noQuantize_OM=4_r1/decompressed/redandblack_dec_1676.ply,-1.0,-1.0,40.009564133453146,1.12389,0.869864,0.996878,59.7815,194.0,,,,,,,,,,0.873908,,,,,,29.7808,,,,31.9198,39.368,31.535,
/temp/pranav/dynamic_pc_data/redandblack/experiments/3DD_4_noQuantize_OM=4_r1/decompressed/redandblack_dec_1677.ply,-1.0,-1.0,39.991360634669114,1.13402,0.839199,0.986609,59.8996,139.0,,,,,,,,,,0.862752,,,,,,29.4205,,,,32.0533,39.3437,31.6006,
/temp/pranav/dynamic_pc_data/redandblack/experiments/3DD_4_noQuantize_OM=4_r1/decompressed/redandblack_dec_1678.ply,-1.0,-1.0,40.29252562721134,1.11502,0.835437,0.975228,59.9048,189.0,,,,,,,,,,0.864076,,,,,,29.1834,,,,31.9611,39.3197,31.4835,
/temp/pranav/dynamic_pc_data/redandblack/experiments/3DD_4_noQuantize_OM=4_r1/decompressed/redandblack_dec_1679.ply,-1.0,-1.0,40.413208312469365,1.12788,0.827995,0.977936,59.7989,134.0,,,,,,,,,,0.904929,,,,,,30.7232,,,,31.7928,39.3129,31.4786,
/temp/pranav/dynamic_pc_data/redandblack/experiments/3DD_4_noQuantize_OM=4_r1/decompressed/redandblack_dec_1680.ply,-1.0,-1.0,40.580217890821096,1.05102,0.836203,0.943611,59.956,165.0,,,,,,,,,,0.893235,,,,,,30.6979,,,,31.9082,39.4,31.5455,
/temp/pranav/dynamic_pc_data/redandblack/experiments/3DD_4_noQuantize_OM=4_r1/decompressed/redandblack_dec_1681.ply,-1.0,-1.0,40.64487033151601,1.07883,0.801987,0.940408,59.9693,125.0,,,,,,,,,,0.871826,,,,,,29.2981,,,,32.0268,39.3571,31.6266,
/temp/pranav/dynamic_pc_data/redandblack/experiments/3DD_4_noQuantize_OM=4_r1/decompressed/redandblack_dec_1682.ply,-1.0,-1.0,40.81701736991909,1.11629,0.828749,0.972521,59.8245,117.0,,,,,,,,,,0.881044,,,,,,28.9987,,,,31.8959,39.5489,31.5532,
/temp/pranav/dynamic_pc_data/redandblack/experiments/3DD_4_noQuantize_OM=4_r1/decompressed/redandblack_dec_1683.ply,-1.0,-1.0,40.5428899380489,1.05641,0.79145,0.923932,60.0479,206.0,,,,,,,,,,0.873569,,,,,,29.9586,,,,31.9676,39.3146,31.5562,
/temp/pranav/dynamic_pc_data/redandblack/experiments/3DD_4_noQuantize_OM=4_r1/decompressed/redandblack_dec_1684.ply,-1.0,-1.0,40.24783255723378,1.07563,0.805218,0.940424,59.9648,162.0,,,,,,,,,,0.879737,,,,,,30.2132,,,,32.0763,39.3634,31.6164,
/temp/pranav/dynamic_pc_data/redandblack/experiments/3DD_4_noQuantize_OM=4_r1/decompressed/redandblack_dec_1685.ply,-1.0,-1.0,40.0383678480784,1.07994,0.791327,0.935634,59.9838,106.0,,,,,,,,,,0.899477,,,,,,30.3536,,,,31.9777,39.5701,31.5474,
/temp/pranav/dynamic_pc_data/redandblack/experiments/3DD_4_noQuantize_OM=4_r1/decompressed/redandblack_dec_1686.ply,-1.0,-1.0,39.67154883617777,1.10082,0.797309,0.949066,59.9263,132.0,,,,,,,,,,0.873866,,,,,,29.7411,,,,31.9996,39.4251,31.5874,
/temp/pranav/dynamic_pc_data/redandblack/experiments/3DD_4_noQuantize_OM=4_r1/decompressed/redandblack_dec_1687.ply,-1.0,-1.0,40.01615914243515,1.11868,0.796507,0.957596,59.8928,158.0,,,,,,,,,,0.87508,,,,,,29.8064,,,,32.0006,39.4573,31.5162,
/temp/pranav/dynamic_pc_data/redandblack/experiments/3DD_4_noQuantize_OM=4_r1/decompressed/redandblack_dec_1688.ply,-1.0,-1.0,39.504061701704494,1.09787,0.792926,0.945401,59.9548,170.0,,,,,,,,,,0.89434,,,,,,30.1349,,,,31.8142,39.3323,31.5938,
/temp/pranav/dynamic_pc_data/redandblack/experiments/3DD_4_noQuantize_OM=4_r1/decompressed/redandblack_dec_1689.ply,-1.0,-1.0,39.627862627560766,1.15563,1.01671,1.08617,59.3545,218.0,,,,,,,,,,0.855565,,,,,,28.5985,,,,31.7606,39.4093,31.3918,
/temp/pranav/dynamic_pc_data/redandblack/experiments/3DD_4_noQuantize_OM=4_r1/decompressed/redandblack_dec_1690.ply,-1.0,-1.0,40.0006172403602,1.12402,0.836085,0.980055,59.809,136.0,,,,,,,,,,0.859694,,,,,,28.944,,,,31.7706,39.3905,31.3974,
/temp/pranav/dynamic_pc_data/redandblack/experiments/3DD_4_noQuantize_OM=4_r1/decompressed/redandblack_dec_1691.ply,-1.0,-1.0,39.93705796104247,1.15794,0.847481,1.00271,59.7179,168.0,,,,,,,,,,0.872852,,,,,,29.7502,,,,32.0795,39.4318,31.4651,
/temp/pranav/dynamic_pc_data/redandblack/experiments/3DD_4_noQuantize_OM=4_r1/decompressed/redandblack_dec_1692.ply,-1.0,-1.0,39.82796034942299,1.1541,0.888731,1.02142,59.6888,169.0,,,,,,,,,,0.884286,,,,,,29.5498,,,,31.972,39.4469,31.3743,
/temp/pranav/dynamic_pc_data/redandblack/experiments/3DD_4_noQuantize_OM=4_r1/decompressed/redandblack_dec_1693.ply,-1.0,-1.0,39.79422891785705,1.12055,0.835741,0.978144,59.8454,201.0,,,,,,,,,,0.868977,,,,,,29.5876,,,,31.9696,39.4806,31.5565,
/temp/pranav/dynamic_pc_data/redandblack/experiments/3DD_4_noQuantize_OM=4_r1/decompressed/redandblack_dec_1694.ply,-1.0,-1.0,39.952498318345384,1.05501,0.808842,0.931926,60.0674,225.0,,,,,,,,,,0.862338,,,,,,28.2769,,,,32.1594,39.5245,31.4524,
/temp/pranav/dynamic_pc_data/redandblack/experiments/3DD_4_noQuantize_OM=4_r1/decompressed/redandblack_dec_1695.ply,-1.0,-1.0,39.926527809866165,1.22481,0.980005,1.10241,59.3504,131.0,,,,,,,,,,0.882579,,,,,,30.1245,,,,32.1932,39.5177,31.3271,
/temp/pranav/dynamic_pc_data/redandblack/experiments/3DD_4_noQuantize_OM=4_r1/decompressed/redandblack_dec_1696.ply,-1.0,-1.0,39.69255244741633,1.13059,0.839031,0.98481,59.8525,242.0,,,,,,,,,,0.8627,,,,,,28.1851,,,,32.0848,39.4409,31.4722,
/temp/pranav/dynamic_pc_data/redandblack/experiments/3DD_4_noQuantize_OM=4_r1/decompressed/redandblack_dec_1697.ply,-1.0,-1.0,39.61405726304011,1.09324,0.803343,0.948291,60.0173,113.0,,,,,,,,,,0.888253,,,,,,30.0061,,,,32.1773,39.2251,31.4658,
/temp/pranav/dynamic_pc_data/redandblack/experiments/3DD_4_noQuantize_OM=4_r1/decompressed/redandblack_dec_1698.ply,-1.0,-1.0,39.63838990672323,1.1278,0.870808,0.999303,59.7995,146.0,,,,,,,,,,0.876765,,,,,,28.9968,,,,32.1779,39.1783,31.4601,
/temp/pranav/dynamic_pc_data/redandblack/experiments/3DD_4_noQuantize_OM=4_r1/decompressed/redandblack_dec_1699.ply,-1.0,-1.0,39.605799173137456,1.14485,0.802482,0.973668,59.9227,179.0,,,,,,,,,,0.884318,,,,,,29.7371,,,,32.2319,38.9731,31.5695,
/temp/pranav/dynamic_pc_data/redandblack/experiments/3DD_4_noQuantize_OM=4_r1/decompressed/redandblack_dec_1700.ply,-1.0,-1.0,39.91365937679419,1.11637,0.824602,0.970484,59.9465,219.0,,,,,,,,,,0.882154,,,,,,29.0271,,,,32.2585,39.1741,31.5569,
/temp/pranav/dynamic_pc_data/redandblack/experiments/3DD_4_noQuantize_OM=4_r1/decompressed/redandblack_dec_1701.ply,-1.0,-1.0,40.14830662531288,1.10358,0.815845,0.959714,59.9932,121.0,,,,,,,,,,0.869803,,,,,,29.9057,,,,32.2846,39.1536,31.7339,
/temp/pranav/dynamic_pc_data/redandblack/experiments/3DD_4_noQuantize_OM=4_r1/decompressed/redandblack_dec_1702.ply,-1.0,-1.0,40.92728197168776,1.07855,0.812611,0.945582,60.0624,166.0,,,,,,,,,,0.888655,,,,,,30.1606,,,,32.3846,39.2707,31.8422,
/temp/pranav/dynamic_pc_data/redandblack/experiments/3DD_4_noQuantize_OM=4_r1/decompressed/redandblack_dec_1703.ply,-1.0,-1.0,41.57495409365031,1.11027,0.828649,0.96946,59.9529,123.0,,,,,,,,,,0.889807,,,,,,30.123,,,,32.3881,39.2859,31.8467,
/temp/pranav/dynamic_pc_data/redandblack/experiments/3DD_4_noQuantize_OM=4_r1/decompressed/redandblack_dec_1704.ply,-1.0,-1.0,42.14538034305209,1.0719,0.801253,0.936579,60.1029,145.0,,,,,,,,,,0.873287,,,,,,30.173,,,,32.2381,39.3503,31.7757,
/temp/pranav/dynamic_pc_data/redandblack/experiments/3DD_4_noQuantize_OM=4_r1/decompressed/redandblack_dec_1705.ply,-1.0,-1.0,42.5281920233133,1.13582,0.799553,0.967686,59.9561,305.0,,,,,,,,,,0.877943,,,,,,30.3032,,,,32.2394,39.3456,31.8023,
/temp/pranav/dynamic_pc_data/redandblack/experiments/3DD_4_noQuantize_OM=4_r1/decompressed/redandblack_dec_1706.ply,-1.0,-1.0,42.91874432616202,1.08605,0.845387,0.965719,59.9676,169.0,,,,,,,,,,0.902811,,,,,,31.2436,,,,32.0969,39.2059,31.6031,
/temp/pranav/dynamic_pc_data/redandblack/experiments/3DD_4_noQuantize_OM=4_r1/decompressed/redandblack_dec_1707.ply,-1.0,-1.0,43.39845890386665,1.12421,0.842345,0.983275,59.8856,221.0,,,,,,,,,,0.868277,,,,,,29.2431,,,,32.1464,39.1306,31.5062,
/temp/pranav/dynamic_pc_data/redandblack/experiments/3DD_4_noQuantize_OM=4_r1/decompressed/redandblack_dec_1708.ply,-1.0,-1.0,43.83128493701486,1.13623,0.746868,0.941549,60.0714,140.0,,,,,,,,,,0.863535,,,,,,29.7215,,,,32.2838,39.224,31.7724,
/temp/pranav/dynamic_pc_data/redandblack/experiments/3DD_4_noQuantize_OM=4_r1/decompressed/redandblack_dec_1709.ply,-1.0,-1.0,44.132176221496024,1.18989,0.83126,1.01058,59.7638,171.0,,,,,,,,,,0.882767,,,,,,30.327,,,,32.2282,39.1717,31.617,
/temp/pranav/dynamic_pc_data/redandblack/experiments/3DD_4_noQuantize_OM=4_r1/decompressed/redandblack_dec_1710.ply,-1.0,-1.0,44.23761557184653,1.11778,0.768044,0.942912,60.0568,146.0,,,,,,,,,,0.854359,,,,,,29.4265,,,,32.1122,39.073,31.64,
/temp/pranav/dynamic_pc_data/redandblack/experiments/3DD_4_noQuantize_OM=4_r1/decompressed/redandblack_dec_1711.ply,-1.0,-1.0,44.161612836627235,1.1252,0.814603,0.969901,59.9346,245.0,,,,,,,,,,0.848533,,,,,,29.3781,,,,32.0705,39.0618,31.6252,
/temp/pranav/dynamic_pc_data/redandblack/experiments/3DD_4_noQuantize_OM=4_r1/decompressed/redandblack_dec_1712.ply,-1.0,-1.0,44.26232478182289,1.14758,0.814356,0.98097,59.8784,122.0,,,,,,,,,,0.851977,,,,,,28.4936,,,,31.7962,38.9013,31.6541,
/temp/pranav/dynamic_pc_data/redandblack/experiments/3DD_4_noQuantize_OM=4_r1/decompressed/redandblack_dec_1713.ply,-1.0,-1.0,44.087586443472674,1.15218,0.772923,0.962549,60.1653,139.0,,,,,,,,,,0.843117,,,,,,29.0171,,,,31.431,38.8241,31.5599,
/temp/pranav/dynamic_pc_data/redandblack/experiments/3DD_4_noQuantize_OM=4_r1/decompressed/redandblack_dec_1714.ply,-1.0,-1.0,43.66435175602507,1.18747,0.796671,0.992069,60.1786,171.0,,,,,,,,,,0.839125,,,,,,28.5576,,,,31.6841,38.8158,31.6094,
/temp/pranav/dynamic_pc_data/redandblack/experiments/3DD_4_noQuantize_OM=4_r1/decompressed/redandblack_dec_1715.ply,-1.0,-1.0,44.140646375322525,1.17657,0.770814,0.973691,60.3551,325.0,,,,,,,,,,0.877938,,,,,,29.909,,,,31.8092,38.8117,31.5894,
/temp/pranav/dynamic_pc_data/redandblack/experiments/3DD_4_noQuantize_OM=4_r1/decompressed/redandblack_dec_1716.ply,-1.0,-1.0,44.282188960806764,1.15348,0.763251,0.958367,60.3894,131.0,,,,,,,,,,0.841621,,,,,,28.5645,,,,31.6919,38.7795,31.5749,
/temp/pranav/dynamic_pc_data/redandblack/experiments/3DD_4_noQuantize_OM=4_r1/decompressed/redandblack_dec_1717.ply,-1.0,-1.0,45.06746070918684,1.09585,0.78057,0.938208,60.577,115.0,,,,,,,,,,0.864569,,,,,,29.0078,,,,31.5899,38.7992,31.4733,
/temp/pranav/dynamic_pc_data/redandblack/experiments/3DD_4_noQuantize_OM=4_r1/decompressed/redandblack_dec_1718.ply,-1.0,-1.0,45.27149965515302,1.14178,0.796095,0.968938,60.3955,91.0,,,,,,,,,,0.879326,,,,,,30.2751,,,,31.5978,38.773,31.5388,
/temp/pranav/dynamic_pc_data/redandblack/experiments/3DD_4_noQuantize_OM=4_r1/decompressed/redandblack_dec_1719.ply,-1.0,-1.0,45.899606251950736,1.11122,0.798425,0.954823,60.2137,125.0,,,,,,,,,,0.852066,,,,,,28.1464,,,,31.5138,38.7846,31.2801,
/temp/pranav/dynamic_pc_data/redandblack/experiments/3DD_4_noQuantize_OM=4_r1/decompressed/redandblack_dec_1720.ply,-1.0,-1.0,46.79374986614287,1.11258,0.737889,0.925234,60.1217,161.0,,,,,,,,,,0.877919,,,,,,29.2163,,,,31.6472,38.8154,31.2257,
/temp/pranav/dynamic_pc_data/redandblack/experiments/3DD_4_noQuantize_OM=4_r1/decompressed/redandblack_dec_1721.ply,-1.0,-1.0,47.043909161096636,1.15334,0.775427,0.964385,59.9404,173.0,,,,,,,,,,0.875535,,,,,,30.0663,,,,31.4458,38.6793,31.0928,
/temp/pranav/dynamic_pc_data/redandblack/experiments/3DD_4_noQuantize_OM=4_r1/decompressed/redandblack_dec_1722.ply,-1.0,-1.0,47.7135213802936,1.12349,0.760542,0.942016,60.0171,121.0,,,,,,,,,,0.874139,,,,,,30.1649,,,,31.3685,38.7636,31.0872,
/temp/pranav/dynamic_pc_data/redandblack/experiments/3DD_4_noQuantize_OM=4_r1/decompressed/redandblack_dec_1723.ply,-1.0,-1.0,47.619038130124714,1.10339,0.715255,0.909323,60.1928,102.0,,,,,,,,,,0.904705,,,,,,31.0086,,,,31.3721,38.9444,30.9843,
/temp/pranav/dynamic_pc_data/redandblack/experiments/3DD_4_noQuantize_OM=4_r1/decompressed/redandblack_dec_1724.ply,-1.0,-1.0,47.66385611820198,1.12097,0.743485,0.932227,60.0846,118.0,,,,,,,,,,0.901045,,,,,,30.6457,,,,31.4314,38.869,30.8681,
/temp/pranav/dynamic_pc_data/redandblack/experiments/3DD_4_noQuantize_OM=4_r1/decompressed/redandblack_dec_1725.ply,-1.0,-1.0,47.604957177963186,1.14073,0.736309,0.938518,60.0561,205.0,,,,,,,,,,0.87057,,,,,,29.423,,,,31.2943,38.7759,30.7368,
/temp/pranav/dynamic_pc_data/redandblack/experiments/3DD_4_noQuantize_OM=4_r1/decompressed/redandblack_dec_1726.ply,-1.0,-1.0,47.547238323517114,1.18068,0.824877,1.00278,59.7601,125.0,,,,,,,,,,0.897174,,,,,,30.1951,,,,31.3025,39.0309,30.7135,
/temp/pranav/dynamic_pc_data/redandblack/experiments/3DD_4_noQuantize_OM=4_r1/decompressed/redandblack_dec_1727.ply,-1.0,-1.0,47.372277175588,1.14786,0.760165,0.954012,59.9554,186.0,,,,,,,,,,0.904166,,,,,,30.8086,,,,31.5156,39.0471,30.8135,
/temp/pranav/dynamic_pc_data/redandblack/experiments/3DD_4_noQuantize_OM=4_r1/decompressed/redandblack_dec_1728.ply,-1.0,-1.0,47.78888559063852,1.112,0.761561,0.936782,60.0147,121.0,,,,,,,,,,0.862205,,,,,,27.1708,,,,31.6783,39.0103,30.7002,
/temp/pranav/dynamic_pc_data/redandblack/experiments/3DD_4_noQuantize_OM=4_r1/decompressed/redandblack_dec_1729.ply,-1.0,-1.0,47.427953874850566,1.05136,0.757823,0.904592,60.1514,86.0,,,,,,,,,,0.900866,,,,,,30.5309,,,,31.6556,39.1814,30.7282,
/temp/pranav/dynamic_pc_data/redandblack/experiments/3DD_4_noQuantize_OM=4_r1/decompressed/redandblack_dec_1730.ply,-1.0,-1.0,46.872410490587434,1.10606,0.754185,0.930125,60.0445,204.0,,,,,,,,,,0.901057,,,,,,30.3359,,,,31.7521,39.1148,30.9646,
/temp/pranav/dynamic_pc_data/redandblack/experiments/3DD_4_noQuantize_OM=4_r1/decompressed/redandblack_dec_1731.ply,-1.0,-1.0,47.06736299820583,1.05629,0.741562,0.898924,60.1765,105.0,,,,,,,,,,0.868559,,,,,,29.142,,,,31.8606,39.0656,30.8552,
/temp/pranav/dynamic_pc_data/redandblack/experiments/3DD_4_noQuantize_OM=4_r1/decompressed/redandblack_dec_1732.ply,-1.0,-1.0,47.38005523603881,1.05476,0.713016,0.883887,60.2492,209.0,,,,,,,,,,0.873432,,,,,,29.9668,,,,31.789,39.0523,30.9197,
/temp/pranav/dynamic_pc_data/redandblack/experiments/3DD_4_noQuantize_OM=4_r1/decompressed/redandblack_dec_1733.ply,-1.0,-1.0,47.07946099443602,1.06133,0.734708,0.898021,60.1814,160.0,,,,,,,,,,0.891424,,,,,,30.4092,,,,31.7087,38.9669,30.8183,
/temp/pranav/dynamic_pc_data/redandblack/experiments/3DD_4_noQuantize_OM=4_r1/decompressed/redandblack_dec_1734.ply,-1.0,-1.0,47.169267114690086,1.04783,0.719023,0.883426,60.2551,146.0,,,,,,,,,,0.877256,,,,,,30.1254,,,,31.683,38.8911,30.7224,
/temp/pranav/dynamic_pc_data/redandblack/experiments/3DD_4_noQuantize_OM=4_r1/decompressed/redandblack_dec_1735.ply,-1.0,-1.0,46.933614020443926,1.02333,0.708503,0.865918,60.3346,125.0,,,,,,,,,,0.88565,,,,,,29.3854,,,,31.7362,38.776,30.7228,
/temp/pranav/dynamic_pc_data/redandblack/experiments/3DD_4_noQuantize_OM=4_r1/decompressed/redandblack_dec_1736.ply,-1.0,-1.0,46.40852788920784,1.04082,0.719362,0.880093,60.2662,145.0,,,,,,,,,,0.891513,,,,,,30.6236,,,,31.7956,38.8684,30.8098,
/temp/pranav/dynamic_pc_data/redandblack/experiments/3DD_4_noQuantize_OM=4_r1/decompressed/redandblack_dec_1737.ply,-1.0,-1.0,46.43212760692985,1.10314,0.789152,0.946147,59.9617,110.0,,,,,,,,,,0.892926,,,,,,30.6962,,,,31.7787,38.8947,30.8468,
/temp/pranav/dynamic_pc_data/redandblack/experiments/3DD_4_noQuantize_OM=4_r1/decompressed/redandblack_dec_1738.ply,-1.0,-1.0,46.461749243946635,1.0299,0.710857,0.87038,60.3312,123.0,,,,,,,,,,0.873926,,,,,,30.0987,,,,31.6819,38.8238,30.9227,
/temp/pranav/dynamic_pc_data/redandblack/experiments/3DD_4_noQuantize_OM=4_r1/decompressed/redandblack_dec_1739.ply,-1.0,-1.0,46.2270166360383,1.08303,0.755779,0.919403,60.1146,154.0,,,,,,,,,,0.887888,,,,,,30.5812,,,,31.6531,38.7393,30.8864,
/temp/pranav/dynamic_pc_data/redandblack/experiments/3DD_4_noQuantize_OM=4_r1/decompressed/redandblack_dec_1740.ply,-1.0,-1.0,45.87124715818772,1.06175,0.702905,0.882327,60.3043,121.0,,,,,,,,,,0.895985,,,,,,30.6907,,,,31.7026,38.8134,31.0558,
/temp/pranav/dynamic_pc_data/redandblack/experiments/3DD_4_noQuantize_OM=4_r1/decompressed/redandblack_dec_1741.ply,-1.0,-1.0,45.4421949001967,1.06674,0.714851,0.890797,60.262,210.0,,,,,,,,,,0.895662,,,,,,30.7474,,,,31.6722,38.8728,31.0109,
/temp/pranav/dynamic_pc_data/redandblack/experiments/3DD_4_noQuantize_OM=4_r1/decompressed/redandblack_dec_1742.ply,-1.0,-1.0,45.096429966754386,1.04395,0.722013,0.882981,60.2921,99.0,,,,,,,,,,0.863933,,,,,,29.8328,,,,31.5584,38.7886,30.9727,
/temp/pranav/dynamic_pc_data/redandblack/experiments/3DD_4_noQuantize_OM=4_r1/decompressed/redandblack_dec_1743.ply,-1.0,-1.0,44.44329628784764,1.07626,0.741337,0.9088,60.1617,173.0,,,,,,,,,,0.860218,,,,,,28.0462,,,,31.5615,38.7019,31.1198,
/temp/pranav/dynamic_pc_data/redandblack/experiments/3DD_4_noQuantize_OM=4_r1/decompressed/redandblack_dec_1744.ply,-1.0,-1.0,43.57062153330731,1.11833,0.76036,0.939345,60.0093,187.0,,,,,,,,,,0.853643,,,,,,29.4139,,,,31.5077,38.669,31.2432,
/temp/pranav/dynamic_pc_data/redandblack/experiments/3DD_4_noQuantize_OM=4_r1/decompressed/redandblack_dec_1745.ply,-1.0,-1.0,43.4282809840148,1.04409,0.768849,0.906468,60.1485,305.0,,,,,,,,,,0.841296,,,,,,28.0228,,,,31.5496,38.8348,31.2424,
/temp/pranav/dynamic_pc_data/redandblack/experiments/3DD_4_noQuantize_OM=4_r1/decompressed/redandblack_dec_1746.ply,-1.0,-1.0,42.82308800450235,1.16062,0.772896,0.966758,59.8653,169.0,,,,,,,,,,0.876042,,,,,,29.6723,,,,31.6363,38.7052,31.3496,
/temp/pranav/dynamic_pc_data/redandblack/experiments/3DD_4_noQuantize_OM=4_r1/decompressed/redandblack_dec_1747.ply,-1.0,-1.0,42.75365677409977,1.1089,0.755439,0.932168,60.0143,177.0,,,,,,,,,,0.872561,,,,,,30.0716,,,,31.6145,38.7156,31.4461,
/temp/pranav/dynamic_pc_data/redandblack/experiments/3DD_4_noQuantize_OM=4_r1/decompressed/redandblack_dec_1748.ply,-1.0,-1.0,41.95715157708478,1.04928,0.753074,0.901176,60.1639,105.0,,,,,,,,,,0.880111,,,,,,30.0222,,,,31.5125,38.7131,31.4284,
/temp/pranav/dynamic_pc_data/redandblack/experiments/3DD_4_noQuantize_OM=4_r1/decompressed/redandblack_dec_1749.ply,-1.0,-1.0,42.14828400132832,1.17444,0.819184,0.996813,59.7297,321.0,,,,,,,,,,0.848241,,,,,,28.9933,,,,31.3419,38.7829,31.3195,
