pc_file,encT,decT,bpp,y_psnr,cb_psnr,cr_psnr,ssim,vmaf,acd12_p2pt,acd21_p2pt,cd_p2pt,cdpsnr_p2pt,h_p2pt,acd12_p2pl,acd21_p2pl,cd_p2pl,cdpsnr_p2pl,h_p2pl,y_cpsnr,u_cpsnr,v_cpsnr,hybrid
/home/p/pranav/dynamic_pc_data/loot/experiments/2DD_lodX=2_lodY=1_OM=4/decompressed/loot_dec_1059.ply,-1.0,-1.0,61.16823077790719,,,,,,0.651591,0.454406,0.552999,62.6464,66.0,,,,,,35.631,46.0335,45.6619,
/home/p/pranav/dynamic_pc_data/loot/experiments/2DD_lodX=2_lodY=1_OM=4/decompressed/loot_dec_1150.ply,-1.0,-1.0,60.732280799328564,,,,,,0.661077,0.459826,0.560451,62.5522,81.0,,,,,,35.4342,45.854,45.4472,
/home/p/pranav/dynamic_pc_data/loot/experiments/2DD_lodX=2_lodY=1_OM=4/decompressed/loot_dec_1129.ply,-1.0,-1.0,61.62739825377247,,,,,,0.681165,0.463963,0.572564,62.714,78.0,,,,,,35.6188,45.6285,45.2814,
/home/p/pranav/dynamic_pc_data/loot/experiments/2DD_lodX=2_lodY=1_OM=4/decompressed/loot_dec_1020.ply,-1.0,-1.0,61.95235833677763,,,,,,0.642838,0.429692,0.536265,62.918,42.0,,,,,,35.5271,45.7531,45.7285,
/home/p/pranav/dynamic_pc_data/loot/experiments/2DD_lodX=2_lodY=1_OM=4/decompressed/loot_dec_1131.ply,-1.0,-1.0,61.43536713584905,,,,,,0.671929,0.466022,0.568975,62.727,81.0,,,,,,35.6652,45.8001,45.5283,
/home/p/pranav/dynamic_pc_data/loot/experiments/2DD_lodX=2_lodY=1_OM=4/decompressed/loot_dec_1038.ply,-1.0,-1.0,61.81596214066612,,,,,,0.645513,0.437483,0.541498,62.8704,110.0,,,,,,35.755,45.9701,45.606,
/home/p/pranav/dynamic_pc_data/loot/experiments/2DD_lodX=2_lodY=1_OM=4/decompressed/loot_dec_1041.ply,-1.0,-1.0,61.14537060966772,,,,,,0.640423,0.453338,0.546881,62.6299,86.0,,,,,,35.9921,45.7992,45.6132,
/home/p/pranav/dynamic_pc_data/loot/experiments/2DD_lodX=2_lodY=1_OM=4/decompressed/loot_dec_1148.ply,-1.0,-1.0,60.4340333993206,,,,,,0.63931,0.442696,0.541003,62.7261,77.0,,,,,,35.5547,46.1288,45.8087,
/home/p/pranav/dynamic_pc_data/loot/experiments/2DD_lodX=2_lodY=1_OM=4/decompressed/loot_dec_1263.ply,-1.0,-1.0,60.81485009538354,,,,,,0.601406,0.432676,0.517041,62.8451,61.0,,,,,,36.5146,46.1841,45.8044,
/home/p/pranav/dynamic_pc_data/loot/experiments/2DD_lodX=2_lodY=1_OM=4/decompressed/loot_dec_1192.ply,-1.0,-1.0,60.63713434275922,,,,,,0.675998,0.46094,0.568469,62.5881,53.0,,,,,,35.2647,45.9191,45.7739,
/home/p/pranav/dynamic_pc_data/loot/experiments/2DD_lodX=2_lodY=1_OM=4/decompressed/loot_dec_1202.ply,-1.0,-1.0,60.17806681994325,,,,,,0.645863,0.45085,0.548356,62.5055,150.0,,,,,,35.9015,45.8312,45.6513,
/home/p/pranav/dynamic_pc_data/loot/experiments/2DD_lodX=2_lodY=1_OM=4/decompressed/loot_dec_1083.ply,-1.0,-1.0,61.72986440270427,,,,,,0.649844,0.43232,0.541082,62.9736,45.0,,,,,,35.56,46.1545,45.9086,
/home/p/pranav/dynamic_pc_data/loot/experiments/2DD_lodX=2_lodY=1_OM=4/decompressed/loot_dec_1010.ply,-1.0,-1.0,61.99310002902817,,,,,,0.649323,0.425728,0.537525,62.8981,54.0,,,,,,35.5046,45.8443,45.7631,
/home/p/pranav/dynamic_pc_data/loot/experiments/2DD_lodX=2_lodY=1_OM=4/decompressed/loot_dec_1291.ply,-1.0,-1.0,58.305187611968606,,,,,,0.686523,0.480709,0.583616,62.4521,68.0,,,,,,35.3523,45.642,45.8041,
/home/p/pranav/dynamic_pc_data/loot/experiments/2DD_lodX=2_lodY=1_OM=4/decompressed/loot_dec_1119.ply,-1.0,-1.0,61.50425999882764,,,,,,0.64424,0.463885,0.554062,62.8453,216.0,,,,,,35.8474,46.0819,45.6928,
/home/p/pranav/dynamic_pc_data/loot/experiments/2DD_lodX=2_lodY=1_OM=4/decompressed/loot_dec_1160.ply,-1.0,-1.0,61.1121569759565,,,,,,0.659687,0.46625,0.562969,62.5077,69.0,,,,,,35.8425,45.9431,45.3705,
/home/p/pranav/dynamic_pc_data/loot/experiments/2DD_lodX=2_lodY=1_OM=4/decompressed/loot_dec_1069.ply,-1.0,-1.0,62.17093570106411,,,,,,0.640582,0.42221,0.531396,63.0414,70.0,,,,,,36.305,46.3178,46.2408,
/home/p/pranav/dynamic_pc_data/loot/experiments/2DD_lodX=2_lodY=1_OM=4/decompressed/loot_dec_1178.ply,-1.0,-1.0,61.350091647028016,,,,,,0.642316,0.454284,0.5483,62.7274,62.0,,,,,,35.4809,45.855,45.7249,
/home/p/pranav/dynamic_pc_data/loot/experiments/2DD_lodX=2_lodY=1_OM=4/decompressed/loot_dec_1071.ply,-1.0,-1.0,61.316421604124265,,,,,,0.640771,0.451377,0.546074,62.8664,50.0,,,,,,36.7743,46.4434,46.1362,
/home/p/pranav/dynamic_pc_data/loot/experiments/2DD_lodX=2_lodY=1_OM=4/decompressed/loot_dec_1289.ply,-1.0,-1.0,57.77067907662624,,,,,,0.676267,0.489624,0.582946,62.4727,105.0,,,,,,35.1906,45.8602,45.6679,
/home/p/pranav/dynamic_pc_data/loot/experiments/2DD_lodX=2_lodY=1_OM=4/decompressed/loot_dec_1008.ply,-1.0,-1.0,62.2213490301638,,,,,,0.640247,0.440674,0.54046,62.8598,41.0,,,,,,35.5358,45.8249,45.5966,
/home/p/pranav/dynamic_pc_data/loot/experiments/2DD_lodX=2_lodY=1_OM=4/decompressed/loot_dec_1101.ply,-1.0,-1.0,61.85216473072862,,,,,,0.65256,0.438187,0.545374,62.9663,59.0,,,,,,35.9316,46.0897,46.0559,
/home/p/pranav/dynamic_pc_data/loot/experiments/2DD_lodX=2_lodY=1_OM=4/decompressed/loot_dec_1253.ply,-1.0,-1.0,59.409189380809835,,,,,,0.662773,0.465984,0.564378,62.5221,50.0,,,,,,36.007,46.019,45.7427,
/home/p/pranav/dynamic_pc_data/loot/experiments/2DD_lodX=2_lodY=1_OM=4/decompressed/loot_dec_1232.ply,-1.0,-1.0,59.28294924988884,,,,,,0.673145,0.499982,0.586563,62.3068,86.0,,,,,,35.9874,45.8233,45.5363,
/home/p/pranav/dynamic_pc_data/loot/experiments/2DD_lodX=2_lodY=1_OM=4/decompressed/loot_dec_1128.ply,-1.0,-1.0,62.1170062844192,,,,,,0.652132,0.472121,0.562126,62.7869,81.0,,,,,,36.0156,45.7507,45.5959,
/home/p/pranav/dynamic_pc_data/loot/experiments/2DD_lodX=2_lodY=1_OM=4/decompressed/loot_dec_1021.ply,-1.0,-1.0,62.014925219715266,,,,,,0.644723,0.432904,0.538814,62.8807,35.0,,,,,,35.5514,46.0157,45.7613,
/home/p/pranav/dynamic_pc_data/loot/experiments/2DD_lodX=2_lodY=1_OM=4/decompressed/loot_dec_1058.ply,-1.0,-1.0,60.750627142132494,,,,,,0.656955,0.471514,0.564235,62.5725,50.0,,,,,,35.6785,45.7724,45.5796,
/home/p/pranav/dynamic_pc_data/loot/experiments/2DD_lodX=2_lodY=1_OM=4/decompressed/loot_dec_1151.ply,-1.0,-1.0,60.87444835853952,,,,,,0.647301,0.446679,0.54699,62.6387,122.0,,,,,,35.5131,45.9169,45.6836,
/home/p/pranav/dynamic_pc_data/loot/experiments/2DD_lodX=2_lodY=1_OM=4/decompressed/loot_dec_1040.ply,-1.0,-1.0,61.13522462282087,,,,,,0.65452,0.455006,0.554763,62.7411,70.0,,,,,,35.8601,46.181,45.7323,
/home/p/pranav/dynamic_pc_data/loot/experiments/2DD_lodX=2_lodY=1_OM=4/decompressed/loot_dec_1149.ply,-1.0,-1.0,60.581649393179056,,,,,,0.641462,0.430565,0.536013,62.7656,101.0,,,,,,35.513,46.0837,45.7032,
/home/p/pranav/dynamic_pc_data/loot/experiments/2DD_lodX=2_lodY=1_OM=4/decompressed/loot_dec_1130.ply,-1.0,-1.0,61.39738560096068,,,,,,0.664234,0.44583,0.555032,62.845,61.0,,,,,,35.5968,45.7924,45.5823,
/home/p/pranav/dynamic_pc_data/loot/experiments/2DD_lodX=2_lodY=1_OM=4/decompressed/loot_dec_1039.ply,-1.0,-1.0,61.450385139350416,,,,,,0.649332,0.435025,0.542178,62.875,33.0,,,,,,35.8437,45.9764,45.609,
/home/p/pranav/dynamic_pc_data/loot/experiments/2DD_lodX=2_lodY=1_OM=4/decompressed/loot_dec_1193.ply,-1.0,-1.0,60.39108266068741,,,,,,0.680072,0.469537,0.574804,62.5323,45.0,,,,,,35.26,45.894,45.8726,
/home/p/pranav/dynamic_pc_data/loot/experiments/2DD_lodX=2_lodY=1_OM=4/decompressed/loot_dec_1262.ply,-1.0,-1.0,60.25349299403769,,,,,,0.666229,0.466809,0.566519,62.5168,54.0,,,,,,35.9289,46.0688,45.7868,
/home/p/pranav/dynamic_pc_data/loot/experiments/2DD_lodX=2_lodY=1_OM=4/decompressed/loot_dec_1082.ply,-1.0,-1.0,61.661804667468125,,,,,,0.652577,0.430462,0.541519,62.969,117.0,,,,,,35.6359,45.9718,45.7354,
/home/p/pranav/dynamic_pc_data/loot/experiments/2DD_lodX=2_lodY=1_OM=4/decompressed/loot_dec_1203.ply,-1.0,-1.0,59.56962237789857,,,,,,0.648641,0.441047,0.544844,62.5605,158.0,,,,,,35.826,45.7716,45.5197,
/home/p/pranav/dynamic_pc_data/loot/experiments/2DD_lodX=2_lodY=1_OM=4/decompressed/loot_dec_1161.ply,-1.0,-1.0,61.0230690453011,,,,,,0.664872,0.465902,0.565387,62.5234,1189.0,,,,,,35.8148,45.942,45.5465,
/home/p/pranav/dynamic_pc_data/loot/experiments/2DD_lodX=2_lodY=1_OM=4/decompressed/loot_dec_1068.ply,-1.0,-1.0,62.02456824376509,,,,,,0.648132,0.435159,0.541646,62.9596,70.0,,,,,,36.1098,46.3305,45.8963,
/home/p/pranav/dynamic_pc_data/loot/experiments/2DD_lodX=2_lodY=1_OM=4/decompressed/loot_dec_1290.ply,-1.0,-1.0,58.88809365487033,,,,,,0.687416,0.481516,0.584466,62.4528,41.0,,,,,,35.0452,45.6365,45.5065,
/home/p/pranav/dynamic_pc_data/loot/experiments/2DD_lodX=2_lodY=1_OM=4/decompressed/loot_dec_1011.ply,-1.0,-1.0,61.87928501280792,,,,,,0.640677,0.437276,0.538976,62.8813,49.0,,,,,,35.5473,45.7656,45.705,
/home/p/pranav/dynamic_pc_data/loot/experiments/2DD_lodX=2_lodY=1_OM=4/decompressed/loot_dec_1118.ply,-1.0,-1.0,61.49736376030478,,,,,,0.644718,0.431283,0.538,62.9842,41.0,,,,,,35.6372,46.0185,45.5558,
/home/p/pranav/dynamic_pc_data/loot/experiments/2DD_lodX=2_lodY=1_OM=4/decompressed/loot_dec_1009.ply,-1.0,-1.0,62.035649469165314,,,,,,0.642394,0.440624,0.541509,62.8621,41.0,,,,,,35.4738,45.9227,45.5572,
/home/p/pranav/dynamic_pc_data/loot/experiments/2DD_lodX=2_lodY=1_OM=4/decompressed/loot_dec_1288.ply,-1.0,-1.0,58.570303815778615,,,,,,0.673458,0.491137,0.582297,62.483,107.0,,,,,,35.2849,45.8014,45.4759,
/home/p/pranav/dynamic_pc_data/loot/experiments/2DD_lodX=2_lodY=1_OM=4/decompressed/loot_dec_1100.ply,-1.0,-1.0,61.822771644385355,,,,,,0.651906,0.442633,0.547269,62.9506,64.0,,,,,,35.9289,45.9839,45.989,
/home/p/pranav/dynamic_pc_data/loot/experiments/2DD_lodX=2_lodY=1_OM=4/decompressed/loot_dec_1179.ply,-1.0,-1.0,61.28239944234449,,,,,,0.653678,0.447114,0.550396,62.7137,45.0,,,,,,35.4912,45.8485,45.5653,
/home/p/pranav/dynamic_pc_data/loot/experiments/2DD_lodX=2_lodY=1_OM=4/decompressed/loot_dec_1070.ply,-1.0,-1.0,61.336915399112705,,,,,,0.639687,0.435366,0.537527,62.9741,56.0,,,,,,36.5523,46.1871,45.9292,
/home/p/pranav/dynamic_pc_data/loot/experiments/2DD_lodX=2_lodY=1_OM=4/decompressed/loot_dec_1252.ply,-1.0,-1.0,59.51166991567378,,,,,,0.659921,0.466145,0.563033,62.4977,56.0,,,,,,36.1399,46.0598,45.5579,
/home/p/pranav/dynamic_pc_data/loot/experiments/2DD_lodX=2_lodY=1_OM=4/decompressed/loot_dec_1233.ply,-1.0,-1.0,59.23158561309293,,,,,,0.669023,0.494156,0.58159,62.3158,74.0,,,,,,35.7722,46.0959,45.5203,
/home/p/pranav/dynamic_pc_data/loot/experiments/2DD_lodX=2_lodY=1_OM=4/decompressed/loot_dec_1133.ply,-1.0,-1.0,61.27065227602211,,,,,,0.674145,0.453765,0.563955,62.7509,49.0,,,,,,35.4142,45.4831,45.4801,
/home/p/pranav/dynamic_pc_data/loot/experiments/2DD_lodX=2_lodY=1_OM=4/decompressed/loot_dec_1043.ply,-1.0,-1.0,61.02808443919,,,,,,0.62607,0.45309,0.53958,62.5345,41.0,,,,,,36.2382,46.0704,45.6037,
/home/p/pranav/dynamic_pc_data/loot/experiments/2DD_lodX=2_lodY=1_OM=4/decompressed/loot_dec_1152.ply,-1.0,-1.0,60.87997689170763,,,,,,0.645515,0.460667,0.553091,62.5752,70.0,,,,,,35.6111,45.8779,45.4132,
/home/p/pranav/dynamic_pc_data/loot/experiments/2DD_lodX=2_lodY=1_OM=4/decompressed/loot_dec_1022.ply,-1.0,-1.0,61.965004808019444,,,,,,0.651193,0.438424,0.544809,62.8194,40.0,,,,,,35.6009,46.0123,45.7929,
/home/p/pranav/dynamic_pc_data/loot/experiments/2DD_lodX=2_lodY=1_OM=4/decompressed/loot_dec_1081.ply,-1.0,-1.0,61.61685569405649,,,,,,0.641522,0.431049,0.536285,63.0091,41.0,,,,,,35.8803,46.0825,45.8252,
/home/p/pranav/dynamic_pc_data/loot/experiments/2DD_lodX=2_lodY=1_OM=4/decompressed/loot_dec_1200.ply,-1.0,-1.0,59.9352726053509,,,,,,0.645206,0.462558,0.553882,62.5846,61.0,,,,,,35.8263,45.9721,45.6484,
/home/p/pranav/dynamic_pc_data/loot/experiments/2DD_lodX=2_lodY=1_OM=4/decompressed/loot_dec_1188.ply,-1.0,-1.0,60.81852845927998,,,,,,0.649722,0.442186,0.545954,62.6704,173.0,,,,,,35.9601,45.9149,45.6948,
/home/p/pranav/dynamic_pc_data/loot/experiments/2DD_lodX=2_lodY=1_OM=4/decompressed/loot_dec_1279.ply,-1.0,-1.0,59.2976617555999,,,,,,0.672668,0.466338,0.569503,62.4009,77.0,,,,,,36.0746,45.7485,45.4235,
/home/p/pranav/dynamic_pc_data/loot/experiments/2DD_lodX=2_lodY=1_OM=4/decompressed/loot_dec_1261.ply,-1.0,-1.0,59.96394086221891,,,,,,0.669313,0.470455,0.569884,62.5213,51.0,,,,,,35.7364,45.9172,45.4522,
/home/p/pranav/dynamic_pc_data/loot/experiments/2DD_lodX=2_lodY=1_OM=4/decompressed/loot_dec_1218.ply,-1.0,-1.0,59.686235616370595,,,,,,0.673104,0.472073,0.572589,62.4046,85.0,,,,,,35.7908,46.0769,45.6133,
/home/p/pranav/dynamic_pc_data/loot/experiments/2DD_lodX=2_lodY=1_OM=4/decompressed/loot_dec_1099.ply,-1.0,-1.0,62.01596110332315,,,,,,0.654973,0.448614,0.551793,62.9206,76.0,,,,,,36.0914,46.1158,46.0925,
/home/p/pranav/dynamic_pc_data/loot/experiments/2DD_lodX=2_lodY=1_OM=4/decompressed/loot_dec_1190.ply,-1.0,-1.0,61.49611006490445,,,,,,0.657548,0.450335,0.553942,62.6877,45.0,,,,,,35.5078,45.9668,45.7595,
/home/p/pranav/dynamic_pc_data/loot/experiments/2DD_lodX=2_lodY=1_OM=4/decompressed/loot_dec_1073.ply,-1.0,-1.0,61.6837125012301,,,,,,0.636072,0.420333,0.528202,62.9131,45.0,,,,,,36.6125,46.2405,46.0756,
/home/p/pranav/dynamic_pc_data/loot/experiments/2DD_lodX=2_lodY=1_OM=4/decompressed/loot_dec_1103.ply,-1.0,-1.0,61.70697705340568,,,,,,0.634095,0.433254,0.533674,63.0327,106.0,,,,,,36.0337,46.1877,46.1081,
/home/p/pranav/dynamic_pc_data/loot/experiments/2DD_lodX=2_lodY=1_OM=4/decompressed/loot_dec_1293.ply,-1.0,-1.0,57.8020895708284,,,,,,0.689199,0.482896,0.586047,62.3769,98.0,,,,,,35.8373,45.8333,45.7989,
/home/p/pranav/dynamic_pc_data/loot/experiments/2DD_lodX=2_lodY=1_OM=4/decompressed/loot_dec_1012.ply,-1.0,-1.0,61.804800967057055,,,,,,0.642518,0.426819,0.534668,62.8782,74.0,,,,,,35.6256,45.9122,45.8928,
/home/p/pranav/dynamic_pc_data/loot/experiments/2DD_lodX=2_lodY=1_OM=4/decompressed/loot_dec_1162.ply,-1.0,-1.0,60.80749470225542,,,,,,0.658154,0.45347,0.555812,62.63,206.0,,,,,,35.6982,45.7803,45.5878,
/home/p/pranav/dynamic_pc_data/loot/experiments/2DD_lodX=2_lodY=1_OM=4/decompressed/loot_dec_1249.ply,-1.0,-1.0,58.81783705263568,,,,,,0.667645,0.486441,0.577043,62.3321,122.0,,,,,,35.7177,46.0416,45.853,
/home/p/pranav/dynamic_pc_data/loot/experiments/2DD_lodX=2_lodY=1_OM=4/decompressed/loot_dec_1230.ply,-1.0,-1.0,58.94253390128571,,,,,,0.680123,0.504268,0.592195,62.3654,59.0,,,,,,35.7718,45.9335,45.4542,
/home/p/pranav/dynamic_pc_data/loot/experiments/2DD_lodX=2_lodY=1_OM=4/decompressed/loot_dec_1228.ply,-1.0,-1.0,59.65458783745368,,,,,,0.664069,0.462539,0.563304,62.6413,74.0,,,,,,35.2883,45.7657,45.6671,
/home/p/pranav/dynamic_pc_data/loot/experiments/2DD_lodX=2_lodY=1_OM=4/decompressed/loot_dec_1251.ply,-1.0,-1.0,59.38791717064083,,,,,,0.664276,0.487999,0.576138,62.3601,50.0,,,,,,35.8477,45.9333,45.6299,
/home/p/pranav/dynamic_pc_data/loot/experiments/2DD_lodX=2_lodY=1_OM=4/decompressed/loot_dec_1042.ply,-1.0,-1.0,60.88573684834631,,,,,,0.632929,0.455617,0.544273,62.5766,137.0,,,,,,36.1429,45.9432,45.7624,
/home/p/pranav/dynamic_pc_data/loot/experiments/2DD_lodX=2_lodY=1_OM=4/decompressed/loot_dec_1132.ply,-1.0,-1.0,61.30715324573047,,,,,,0.680823,0.465073,0.572948,62.6888,68.0,,,,,,35.4064,45.4102,45.1791,
/home/p/pranav/dynamic_pc_data/loot/experiments/2DD_lodX=2_lodY=1_OM=4/decompressed/loot_dec_1023.ply,-1.0,-1.0,61.934630156463136,,,,,,0.65285,0.437941,0.545396,62.8171,36.0,,,,,,35.5391,46.1176,45.9262,
/home/p/pranav/dynamic_pc_data/loot/experiments/2DD_lodX=2_lodY=1_OM=4/decompressed/loot_dec_1153.ply,-1.0,-1.0,60.916859457610606,,,,,,0.643816,0.464492,0.554154,62.5269,56.0,,,,,,35.8539,45.7141,45.5579,
/home/p/pranav/dynamic_pc_data/loot/experiments/2DD_lodX=2_lodY=1_OM=4/decompressed/loot_dec_1278.ply,-1.0,-1.0,58.516974356300835,,,,,,0.678455,0.476707,0.577581,62.3799,66.0,,,,,,36.0674,45.935,45.6952,
/home/p/pranav/dynamic_pc_data/loot/experiments/2DD_lodX=2_lodY=1_OM=4/decompressed/loot_dec_1201.ply,-1.0,-1.0,60.0820297814813,,,,,,0.64011,0.450794,0.545452,62.5798,150.0,,,,,,35.9544,45.8514,45.5408,
/home/p/pranav/dynamic_pc_data/loot/experiments/2DD_lodX=2_lodY=1_OM=4/decompressed/loot_dec_1080.ply,-1.0,-1.0,61.42504651583065,,,,,,0.649101,0.447,0.548051,62.8971,49.0,,,,,,36.0457,46.1698,45.8815,
/home/p/pranav/dynamic_pc_data/loot/experiments/2DD_lodX=2_lodY=1_OM=4/decompressed/loot_dec_1189.ply,-1.0,-1.0,61.1771470001445,,,,,,0.655456,0.437203,0.546329,62.7182,45.0,,,,,,35.7758,45.865,45.407,
/home/p/pranav/dynamic_pc_data/loot/experiments/2DD_lodX=2_lodY=1_OM=4/decompressed/loot_dec_1098.ply,-1.0,-1.0,62.086562333576026,,,,,,0.654454,0.435213,0.544834,62.9787,50.0,,,,,,36.3226,45.9968,46.078,
/home/p/pranav/dynamic_pc_data/loot/experiments/2DD_lodX=2_lodY=1_OM=4/decompressed/loot_dec_1219.ply,-1.0,-1.0,59.52884557273648,,,,,,0.67013,0.474344,0.572237,62.4655,65.0,,,,,,35.7888,45.9627,45.7037,
/home/p/pranav/dynamic_pc_data/loot/experiments/2DD_lodX=2_lodY=1_OM=4/decompressed/loot_dec_1191.ply,-1.0,-1.0,61.24965863117446,,,,,,0.660851,0.475992,0.568421,62.5881,45.0,,,,,,35.2832,45.7757,45.6023,
/home/p/pranav/dynamic_pc_data/loot/experiments/2DD_lodX=2_lodY=1_OM=4/decompressed/loot_dec_1260.ply,-1.0,-1.0,60.104101625980825,,,,,,0.672773,0.481275,0.577024,62.4767,145.0,,,,,,35.6046,45.9804,45.5026,
/home/p/pranav/dynamic_pc_data/loot/experiments/2DD_lodX=2_lodY=1_OM=4/decompressed/loot_dec_1102.ply,-1.0,-1.0,61.69222765740697,,,,,,0.643624,0.43192,0.537772,63.0186,51.0,,,,,,35.918,46.1848,46.1492,
/home/p/pranav/dynamic_pc_data/loot/experiments/2DD_lodX=2_lodY=1_OM=4/decompressed/loot_dec_1072.ply,-1.0,-1.0,61.79522615156322,,,,,,0.651145,0.429166,0.540155,62.8636,67.0,,,,,,36.8214,46.6667,46.1623,
/home/p/pranav/dynamic_pc_data/loot/experiments/2DD_lodX=2_lodY=1_OM=4/decompressed/loot_dec_1163.ply,-1.0,-1.0,60.872759284787286,,,,,,0.654147,0.448052,0.551099,62.6892,41.0,,,,,,35.6456,45.8336,45.5105,
/home/p/pranav/dynamic_pc_data/loot/experiments/2DD_lodX=2_lodY=1_OM=4/decompressed/loot_dec_1013.ply,-1.0,-1.0,61.6592051304981,,,,,,0.638202,0.429552,0.533877,62.8392,40.0,,,,,,35.7009,45.7737,45.5584,
/home/p/pranav/dynamic_pc_data/loot/experiments/2DD_lodX=2_lodY=1_OM=4/decompressed/loot_dec_1292.ply,-1.0,-1.0,58.096606646115475,,,,,,0.687934,0.49072,0.589327,62.3904,56.0,,,,,,35.5671,45.698,45.6893,
/home/p/pranav/dynamic_pc_data/loot/experiments/2DD_lodX=2_lodY=1_OM=4/decompressed/loot_dec_1231.ply,-1.0,-1.0,58.81547177306831,,,,,,0.658545,0.487445,0.572995,62.4676,90.0,,,,,,35.9985,46.0231,45.8507,
/home/p/pranav/dynamic_pc_data/loot/experiments/2DD_lodX=2_lodY=1_OM=4/decompressed/loot_dec_1248.ply,-1.0,-1.0,59.130066609413035,,,,,,0.669902,0.463269,0.566585,62.4642,76.0,,,,,,35.8595,45.9894,45.7263,
/home/p/pranav/dynamic_pc_data/loot/experiments/2DD_lodX=2_lodY=1_OM=4/decompressed/loot_dec_1250.ply,-1.0,-1.0,59.03719840740764,,,,,,0.658137,0.472513,0.565325,62.4141,78.0,,,,,,35.864,46.0056,45.8496,
/home/p/pranav/dynamic_pc_data/loot/experiments/2DD_lodX=2_lodY=1_OM=4/decompressed/loot_dec_1229.ply,-1.0,-1.0,59.714296672502215,,,,,,0.667843,0.478839,0.573341,62.5474,45.0,,,,,,35.5237,45.9819,45.8823,
/home/p/pranav/dynamic_pc_data/loot/experiments/2DD_lodX=2_lodY=1_OM=4/decompressed/loot_dec_1196.ply,-1.0,-1.0,60.45697049863716,,,,,,0.651637,0.448362,0.549999,62.7063,33.0,,,,,,35.2431,45.8197,45.6796,
/home/p/pranav/dynamic_pc_data/loot/experiments/2DD_lodX=2_lodY=1_OM=4/decompressed/loot_dec_1267.ply,-1.0,-1.0,59.931997978465944,,,,,,0.648225,0.461782,0.555003,62.4376,35.0,,,,,,35.8709,45.9268,45.8149,
/home/p/pranav/dynamic_pc_data/loot/experiments/2DD_lodX=2_lodY=1_OM=4/decompressed/loot_dec_1206.ply,-1.0,-1.0,60.37453873153988,,,,,,0.642418,0.469562,0.55599,62.5424,65.0,,,,,,36.0281,46.1793,45.7801,
/home/p/pranav/dynamic_pc_data/loot/experiments/2DD_lodX=2_lodY=1_OM=4/decompressed/loot_dec_1087.ply,-1.0,-1.0,61.990074390695,,,,,,0.636734,0.443113,0.539923,62.9495,53.0,,,,,,36.1085,46.0533,45.9243,
/home/p/pranav/dynamic_pc_data/loot/experiments/2DD_lodX=2_lodY=1_OM=4/decompressed/loot_dec_1024.ply,-1.0,-1.0,61.89888667874763,,,,,,0.647358,0.451003,0.549181,62.7999,69.0,,,,,,35.5348,45.8322,45.5473,
/home/p/pranav/dynamic_pc_data/loot/experiments/2DD_lodX=2_lodY=1_OM=4/decompressed/loot_dec_1154.ply,-1.0,-1.0,60.94639770180257,,,,,,0.604071,0.442638,0.523354,62.7363,425.0,,,,,,36.3975,45.9839,45.7493,
/home/p/pranav/dynamic_pc_data/loot/experiments/2DD_lodX=2_lodY=1_OM=4/decompressed/loot_dec_1045.ply,-1.0,-1.0,61.11680006888544,,,,,,0.609345,0.437618,0.523481,62.6134,52.0,,,,,,36.1122,45.9182,45.8193,
/home/p/pranav/dynamic_pc_data/loot/experiments/2DD_lodX=2_lodY=1_OM=4/decompressed/loot_dec_1135.ply,-1.0,-1.0,61.27936497456902,,,,,,0.690802,0.462707,0.576755,62.6494,69.0,,,,,,35.4942,45.5191,45.4138,
/home/p/pranav/dynamic_pc_data/loot/experiments/2DD_lodX=2_lodY=1_OM=4/decompressed/loot_dec_1257.ply,-1.0,-1.0,59.87720112248873,,,,,,0.660461,0.468057,0.564259,62.5859,90.0,,,,,,35.4258,45.8646,45.3731,
/home/p/pranav/dynamic_pc_data/loot/experiments/2DD_lodX=2_lodY=1_OM=4/decompressed/loot_dec_1236.ply,-1.0,-1.0,59.52260540556539,,,,,,0.653912,0.449078,0.551495,62.5613,54.0,,,,,,36.0226,46.0047,45.6943,
/home/p/pranav/dynamic_pc_data/loot/experiments/2DD_lodX=2_lodY=1_OM=4/decompressed/loot_dec_1164.ply,-1.0,-1.0,60.99461265589872,,,,,,0.64134,0.471042,0.556191,62.655,70.0,,,,,,35.5362,45.7497,45.2572,
/home/p/pranav/dynamic_pc_data/loot/experiments/2DD_lodX=2_lodY=1_OM=4/decompressed/loot_dec_1014.ply,-1.0,-1.0,61.52527171072591,,,,,,0.64752,0.43995,0.543736,62.72,49.0,,,,,,35.7122,45.914,45.4839,
/home/p/pranav/dynamic_pc_data/loot/experiments/2DD_lodX=2_lodY=1_OM=4/decompressed/loot_dec_1295.ply,-1.0,-1.0,58.9563577375601,,,,,,0.671636,0.454249,0.562943,62.4487,65.0,,,,,,35.8648,46.014,45.6889,
/home/p/pranav/dynamic_pc_data/loot/experiments/2DD_lodX=2_lodY=1_OM=4/decompressed/loot_dec_1105.ply,-1.0,-1.0,61.341124945826856,,,,,,0.640457,0.440717,0.540587,62.8673,122.0,,,,,,36.2202,46.152,46.1674,
/home/p/pranav/dynamic_pc_data/loot/experiments/2DD_lodX=2_lodY=1_OM=4/decompressed/loot_dec_1075.ply,-1.0,-1.0,61.548259904282304,,,,,,0.641727,0.446445,0.544086,62.7297,57.0,,,,,,36.1712,46.0444,45.8375,
/home/p/pranav/dynamic_pc_data/loot/experiments/2DD_lodX=2_lodY=1_OM=4/decompressed/loot_dec_1266.ply,-1.0,-1.0,59.92306899629896,,,,,,0.653547,0.465095,0.559321,62.3839,109.0,,,,,,35.8652,45.9797,45.5114,
/home/p/pranav/dynamic_pc_data/loot/experiments/2DD_lodX=2_lodY=1_OM=4/decompressed/loot_dec_1197.ply,-1.0,-1.0,60.448035829240006,,,,,,0.65054,0.469195,0.559867,62.6492,74.0,,,,,,35.3351,45.9612,45.7245,
/home/p/pranav/dynamic_pc_data/loot/experiments/2DD_lodX=2_lodY=1_OM=4/decompressed/loot_dec_1086.ply,-1.0,-1.0,62.000745062675186,,,,,,0.640439,0.45605,0.548245,62.9086,45.0,,,,,,35.9655,46.1298,45.8687,
/home/p/pranav/dynamic_pc_data/loot/experiments/2DD_lodX=2_lodY=1_OM=4/decompressed/loot_dec_1207.ply,-1.0,-1.0,61.070169045449944,,,,,,0.648407,0.465013,0.55671,62.5887,41.0,,,,,,35.8461,45.9194,45.6977,
/home/p/pranav/dynamic_pc_data/loot/experiments/2DD_lodX=2_lodY=1_OM=4/decompressed/loot_dec_1155.ply,-1.0,-1.0,60.802821887263086,,,,,,0.605955,0.435501,0.520728,62.7304,369.0,,,,,,36.0243,45.9235,45.8031,
/home/p/pranav/dynamic_pc_data/loot/experiments/2DD_lodX=2_lodY=1_OM=4/decompressed/loot_dec_1025.ply,-1.0,-1.0,61.928670043779285,,,,,,0.64898,0.430321,0.539651,62.8842,69.0,,,,,,35.5384,45.8261,45.5416,
/home/p/pranav/dynamic_pc_data/loot/experiments/2DD_lodX=2_lodY=1_OM=4/decompressed/loot_dec_1134.ply,-1.0,-1.0,61.34603681399552,,,,,,0.678976,0.472413,0.575694,62.6391,84.0,,,,,,35.3772,45.4241,45.2071,
/home/p/pranav/dynamic_pc_data/loot/experiments/2DD_lodX=2_lodY=1_OM=4/decompressed/loot_dec_1044.ply,-1.0,-1.0,61.25183508127151,,,,,,0.608619,0.433694,0.521157,62.6373,42.0,,,,,,36.0545,45.9653,45.5335,
/home/p/pranav/dynamic_pc_data/loot/experiments/2DD_lodX=2_lodY=1_OM=4/decompressed/loot_dec_1256.ply,-1.0,-1.0,59.6362342352806,,,,,,0.663875,0.460006,0.56194,62.6049,113.0,,,,,,35.4436,45.7672,45.4266,
/home/p/pranav/dynamic_pc_data/loot/experiments/2DD_lodX=2_lodY=1_OM=4/decompressed/loot_dec_1237.ply,-1.0,-1.0,60.187747456999375,,,,,,0.648335,0.462267,0.555301,62.5814,56.0,,,,,,36.0139,46.1856,45.5817,
/home/p/pranav/dynamic_pc_data/loot/experiments/2DD_lodX=2_lodY=1_OM=4/decompressed/loot_dec_1294.ply,-1.0,-1.0,59.2232274435652,,,,,,0.678706,0.470266,0.574486,62.4055,65.0,,,,,,36.0084,45.9136,45.4309,
/home/p/pranav/dynamic_pc_data/loot/experiments/2DD_lodX=2_lodY=1_OM=4/decompressed/loot_dec_1015.ply,-1.0,-1.0,61.4689331158072,,,,,,0.637366,0.43286,0.535113,62.7854,54.0,,,,,,35.785,46.0011,45.74,
/home/p/pranav/dynamic_pc_data/loot/experiments/2DD_lodX=2_lodY=1_OM=4/decompressed/loot_dec_1165.ply,-1.0,-1.0,61.13476000177331,,,,,,0.632544,0.433315,0.532929,62.8524,86.0,,,,,,35.6188,45.8118,45.4409,
/home/p/pranav/dynamic_pc_data/loot/experiments/2DD_lodX=2_lodY=1_OM=4/decompressed/loot_dec_1074.ply,-1.0,-1.0,61.75316378766574,,,,,,0.631001,0.420322,0.525662,62.8989,65.0,,,,,,36.2623,46.2974,45.7706,
/home/p/pranav/dynamic_pc_data/loot/experiments/2DD_lodX=2_lodY=1_OM=4/decompressed/loot_dec_1104.ply,-1.0,-1.0,61.63944006610295,,,,,,0.645108,0.437733,0.54142,62.9318,81.0,,,,,,36.1402,46.236,46.1454,
/home/p/pranav/dynamic_pc_data/loot/experiments/2DD_lodX=2_lodY=1_OM=4/decompressed/loot_dec_1085.ply,-1.0,-1.0,62.00990565855927,,,,,,0.634304,0.454866,0.544585,62.9453,46.0,,,,,,35.7412,46.1506,45.7076,
/home/p/pranav/dynamic_pc_data/loot/experiments/2DD_lodX=2_lodY=1_OM=4/decompressed/loot_dec_1204.ply,-1.0,-1.0,59.72020762572926,,,,,,0.642656,0.452585,0.54762,62.5501,165.0,,,,,,35.8244,45.9409,45.4546,
/home/p/pranav/dynamic_pc_data/loot/experiments/2DD_lodX=2_lodY=1_OM=4/decompressed/loot_dec_1194.ply,-1.0,-1.0,60.37635132261365,,,,,,0.675018,0.451393,0.563206,62.6131,81.0,,,,,,35.2423,45.7729,45.5545,
/home/p/pranav/dynamic_pc_data/loot/experiments/2DD_lodX=2_lodY=1_OM=4/decompressed/loot_dec_1265.ply,-1.0,-1.0,59.97519226491738,,,,,,0.660319,0.475044,0.567681,62.3372,58.0,,,,,,35.9409,45.8153,45.7808,
/home/p/pranav/dynamic_pc_data/loot/experiments/2DD_lodX=2_lodY=1_OM=4/decompressed/loot_dec_1047.ply,-1.0,-1.0,61.788660018178795,,,,,,0.649277,0.471387,0.560332,62.4,121.0,,,,,,36.551,46.2237,45.8661,
/home/p/pranav/dynamic_pc_data/loot/experiments/2DD_lodX=2_lodY=1_OM=4/decompressed/loot_dec_1137.ply,-1.0,-1.0,61.64408489811766,,,,,,0.678442,0.444067,0.561254,62.6426,86.0,,,,,,36.0865,45.9892,45.9215,
/home/p/pranav/dynamic_pc_data/loot/experiments/2DD_lodX=2_lodY=1_OM=4/decompressed/loot_dec_1026.ply,-1.0,-1.0,61.876191147719624,,,,,,0.645101,0.429797,0.537449,62.8985,129.0,,,,,,35.5297,45.8317,45.6772,
/home/p/pranav/dynamic_pc_data/loot/experiments/2DD_lodX=2_lodY=1_OM=4/decompressed/loot_dec_1156.ply,-1.0,-1.0,60.8284929297003,,,,,,0.599282,0.426918,0.5131,62.7759,498.0,,,,,,35.9827,45.8613,45.6944,
/home/p/pranav/dynamic_pc_data/loot/experiments/2DD_lodX=2_lodY=1_OM=4/decompressed/loot_dec_1234.ply,-1.0,-1.0,59.16819516381133,,,,,,0.663627,0.479334,0.57148,62.3549,82.0,,,,,,35.7787,45.9799,45.8925,
/home/p/pranav/dynamic_pc_data/loot/experiments/2DD_lodX=2_lodY=1_OM=4/decompressed/loot_dec_1255.ply,-1.0,-1.0,59.45331745118642,,,,,,0.660292,0.45837,0.559331,62.618,106.0,,,,,,35.5252,45.8382,45.4601,
/home/p/pranav/dynamic_pc_data/loot/experiments/2DD_lodX=2_lodY=1_OM=4/decompressed/loot_dec_1107.ply,-1.0,-1.0,61.03256040980922,,,,,,0.630402,0.429529,0.529966,62.8004,50.0,,,,,,36.3782,46.3807,46.2756,
/home/p/pranav/dynamic_pc_data/loot/experiments/2DD_lodX=2_lodY=1_OM=4/decompressed/loot_dec_1077.ply,-1.0,-1.0,61.921757750006094,,,,,,0.648979,0.438044,0.543512,62.7982,42.0,,,,,,36.2899,46.2495,45.8517,
/home/p/pranav/dynamic_pc_data/loot/experiments/2DD_lodX=2_lodY=1_OM=4/decompressed/loot_dec_1166.ply,-1.0,-1.0,61.096685093363476,,,,,,0.642888,0.440763,0.541826,62.778,114.0,,,,,,35.8809,45.8083,45.7415,
/home/p/pranav/dynamic_pc_data/loot/experiments/2DD_lodX=2_lodY=1_OM=4/decompressed/loot_dec_1297.ply,-1.0,-1.0,59.2378376122715,,,,,,0.679498,0.482639,0.581069,62.3454,107.0,,,,,,35.7367,45.8483,46.0353,
/home/p/pranav/dynamic_pc_data/loot/experiments/2DD_lodX=2_lodY=1_OM=4/decompressed/loot_dec_1016.ply,-1.0,-1.0,61.663143908421915,,,,,,0.638255,0.42979,0.534022,62.8218,38.0,,,,,,35.875,45.988,45.6597,
/home/p/pranav/dynamic_pc_data/loot/experiments/2DD_lodX=2_lodY=1_OM=4/decompressed/loot_dec_1205.ply,-1.0,-1.0,59.20462989881296,,,,,,0.657973,0.480718,0.569346,62.3912,131.0,,,,,,35.98,46.0168,45.5963,
/home/p/pranav/dynamic_pc_data/loot/experiments/2DD_lodX=2_lodY=1_OM=4/decompressed/loot_dec_1084.ply,-1.0,-1.0,61.83496915616652,,,,,,0.653265,0.422231,0.537748,62.9993,65.0,,,,,,35.5445,46.0426,45.9455,
/home/p/pranav/dynamic_pc_data/loot/experiments/2DD_lodX=2_lodY=1_OM=4/decompressed/loot_dec_1264.ply,-1.0,-1.0,60.244167178427176,,,,,,0.657087,0.483523,0.570305,62.3568,217.0,,,,,,36.2049,45.8096,45.7779,
/home/p/pranav/dynamic_pc_data/loot/experiments/2DD_lodX=2_lodY=1_OM=4/decompressed/loot_dec_1195.ply,-1.0,-1.0,60.29481700423369,,,,,,0.658136,0.468055,0.563096,62.6067,64.0,,,,,,35.2764,45.937,45.6431,
/home/p/pranav/dynamic_pc_data/loot/experiments/2DD_lodX=2_lodY=1_OM=4/decompressed/loot_dec_1136.ply,-1.0,-1.0,61.52252682888278,,,,,,0.685673,0.465514,0.575594,62.6202,68.0,,,,,,35.689,45.6624,45.3944,
/home/p/pranav/dynamic_pc_data/loot/experiments/2DD_lodX=2_lodY=1_OM=4/decompressed/loot_dec_1046.ply,-1.0,-1.0,61.48796229059176,,,,,,0.63899,0.441254,0.540122,62.5127,89.0,,,,,,36.3308,46.1773,45.6737,
/home/p/pranav/dynamic_pc_data/loot/experiments/2DD_lodX=2_lodY=1_OM=4/decompressed/loot_dec_1157.ply,-1.0,-1.0,60.67044361787846,,,,,,0.601785,0.447417,0.524601,62.6976,405.0,,,,,,36.3259,45.9148,45.9844,
/home/p/pranav/dynamic_pc_data/loot/experiments/2DD_lodX=2_lodY=1_OM=4/decompressed/loot_dec_1027.ply,-1.0,-1.0,61.84859804221827,,,,,,0.648075,0.435892,0.541983,62.8369,53.0,,,,,,35.6026,45.9953,45.7261,
/home/p/pranav/dynamic_pc_data/loot/experiments/2DD_lodX=2_lodY=1_OM=4/decompressed/loot_dec_1235.ply,-1.0,-1.0,59.142601565046476,,,,,,0.66758,0.459633,0.563607,62.4519,93.0,,,,,,35.8893,46.1153,45.871,
/home/p/pranav/dynamic_pc_data/loot/experiments/2DD_lodX=2_lodY=1_OM=4/decompressed/loot_dec_1254.ply,-1.0,-1.0,59.157389498868696,,,,,,0.660064,0.483327,0.571695,62.5023,50.0,,,,,,35.7213,45.9951,45.6745,
/home/p/pranav/dynamic_pc_data/loot/experiments/2DD_lodX=2_lodY=1_OM=4/decompressed/loot_dec_1076.ply,-1.0,-1.0,61.65203784579894,,,,,,0.637943,0.431874,0.534909,62.8225,49.0,,,,,,36.0316,46.2342,45.9377,
/home/p/pranav/dynamic_pc_data/loot/experiments/2DD_lodX=2_lodY=1_OM=4/decompressed/loot_dec_1106.ply,-1.0,-1.0,61.14405376473495,,,,,,0.629118,0.428308,0.528713,62.8764,89.0,,,,,,36.4925,46.3429,46.1488,
/home/p/pranav/dynamic_pc_data/loot/experiments/2DD_lodX=2_lodY=1_OM=4/decompressed/loot_dec_1017.ply,-1.0,-1.0,61.75047753811669,,,,,,0.64496,0.428052,0.536506,62.8426,41.0,,,,,,35.8784,46.013,45.7405,
/home/p/pranav/dynamic_pc_data/loot/experiments/2DD_lodX=2_lodY=1_OM=4/decompressed/loot_dec_1296.ply,-1.0,-1.0,58.8735836605445,,,,,,0.681728,0.46871,0.575219,62.3513,38.0,,,,,,35.9768,46.1509,46.216,
/home/p/pranav/dynamic_pc_data/loot/experiments/2DD_lodX=2_lodY=1_OM=4/decompressed/loot_dec_1167.ply,-1.0,-1.0,60.97157395546729,,,,,,0.637465,0.432753,0.535109,62.817,38.0,,,,,,36.0112,46.1082,45.7706,
/home/p/pranav/dynamic_pc_data/loot/experiments/2DD_lodX=2_lodY=1_OM=4/decompressed/loot_dec_1170.ply,-1.0,-1.0,60.719444951156454,,,,,,0.63543,0.421495,0.528463,62.7558,66.0,,,,,,36.4137,45.8505,45.5939,
/home/p/pranav/dynamic_pc_data/loot/experiments/2DD_lodX=2_lodY=1_OM=4/decompressed/loot_dec_1079.ply,-1.0,-1.0,61.82261326679484,,,,,,0.651098,0.452065,0.551582,62.8347,44.0,,,,,,36.2692,46.111,45.8663,
/home/p/pranav/dynamic_pc_data/loot/experiments/2DD_lodX=2_lodY=1_OM=4/decompressed/loot_dec_1281.ply,-1.0,-1.0,59.124416748639334,,,,,,0.672882,0.486995,0.579939,62.2982,193.0,,,,,,35.9183,46.0713,45.8735,
/home/p/pranav/dynamic_pc_data/loot/experiments/2DD_lodX=2_lodY=1_OM=4/decompressed/loot_dec_1000.ply,-1.0,-1.0,61.55132106174647,,,,,,0.644149,0.453703,0.548926,62.6739,54.0,,,,,,35.5997,45.8903,45.8338,
/home/p/pranav/dynamic_pc_data/loot/experiments/2DD_lodX=2_lodY=1_OM=4/decompressed/loot_dec_1109.ply,-1.0,-1.0,61.58187081899527,,,,,,0.647055,0.433796,0.540425,62.7133,45.0,,,,,,36.2333,46.1356,46.113,
/home/p/pranav/dynamic_pc_data/loot/experiments/2DD_lodX=2_lodY=1_OM=4/decompressed/loot_dec_1018.ply,-1.0,-1.0,61.877698376679156,,,,,,0.63786,0.432213,0.535037,62.8936,45.0,,,,,,35.7386,45.8881,45.7679,
/home/p/pranav/dynamic_pc_data/loot/experiments/2DD_lodX=2_lodY=1_OM=4/decompressed/loot_dec_1299.ply,-1.0,-1.0,59.424110946403154,,,,,,0.686025,0.474215,0.58012,62.4811,54.0,,,,,,35.6522,45.8675,45.5227,
/home/p/pranav/dynamic_pc_data/loot/experiments/2DD_lodX=2_lodY=1_OM=4/decompressed/loot_dec_1111.ply,-1.0,-1.0,61.77940651292101,,,,,,0.646638,0.450972,0.548805,62.7826,59.0,,,,,,36.4905,46.1095,46.0588,
/home/p/pranav/dynamic_pc_data/loot/experiments/2DD_lodX=2_lodY=1_OM=4/decompressed/loot_dec_1168.ply,-1.0,-1.0,60.70806531544563,,,,,,0.639125,0.433117,0.536121,62.7599,141.0,,,,,,36.3512,46.0276,45.5423,
/home/p/pranav/dynamic_pc_data/loot/experiments/2DD_lodX=2_lodY=1_OM=4/decompressed/loot_dec_1061.ply,-1.0,-1.0,61.658023595240074,,,,,,0.649864,0.449963,0.549914,62.7318,100.0,,,,,,36.2068,46.2041,45.5676,
/home/p/pranav/dynamic_pc_data/loot/experiments/2DD_lodX=2_lodY=1_OM=4/decompressed/loot_dec_1243.ply,-1.0,-1.0,60.023225822498304,,,,,,0.66375,0.452575,0.558162,62.6556,62.0,,,,,,35.1864,45.7675,45.7439,
/home/p/pranav/dynamic_pc_data/loot/experiments/2DD_lodX=2_lodY=1_OM=4/decompressed/loot_dec_1222.ply,-1.0,-1.0,60.683640240697855,,,,,,0.671032,0.471049,0.571041,62.5302,49.0,,,,,,35.7181,45.9597,45.6585,
/home/p/pranav/dynamic_pc_data/loot/experiments/2DD_lodX=2_lodY=1_OM=4/decompressed/loot_dec_1139.ply,-1.0,-1.0,61.338942145777445,,,,,,0.662044,0.446194,0.554119,62.5181,122.0,,,,,,36.4594,45.8057,45.6959,
/home/p/pranav/dynamic_pc_data/loot/experiments/2DD_lodX=2_lodY=1_OM=4/decompressed/loot_dec_1030.ply,-1.0,-1.0,61.531703535987106,,,,,,0.645367,0.429037,0.537202,62.7942,61.0,,,,,,35.7678,45.9278,45.7239,
/home/p/pranav/dynamic_pc_data/loot/experiments/2DD_lodX=2_lodY=1_OM=4/decompressed/loot_dec_1049.ply,-1.0,-1.0,61.61150711791017,,,,,,0.651487,0.455364,0.553425,62.7308,57.0,,,,,,36.0262,46.0141,45.4959,
/home/p/pranav/dynamic_pc_data/loot/experiments/2DD_lodX=2_lodY=1_OM=4/decompressed/loot_dec_1140.ply,-1.0,-1.0,61.389498212307416,,,,,,0.649526,0.466643,0.558084,62.4153,269.0,,,,,,36.0405,45.685,45.5547,
/home/p/pranav/dynamic_pc_data/loot/experiments/2DD_lodX=2_lodY=1_OM=4/decompressed/loot_dec_1051.ply,-1.0,-1.0,61.27065227602211,,,,,,0.648576,0.465115,0.556845,62.7779,97.0,,,,,,35.639,45.7783,45.3931,
/home/p/pranav/dynamic_pc_data/loot/experiments/2DD_lodX=2_lodY=1_OM=4/decompressed/loot_dec_1158.ply,-1.0,-1.0,60.423668212364916,,,,,,0.589517,0.445204,0.51736,62.7899,137.0,,,,,,36.546,46.0344,45.7688,
/home/p/pranav/dynamic_pc_data/loot/experiments/2DD_lodX=2_lodY=1_OM=4/decompressed/loot_dec_1121.ply,-1.0,-1.0,60.928240597555295,,,,,,0.659762,0.446359,0.553061,62.7662,67.0,,,,,,36.1813,45.9057,45.6027,
/home/p/pranav/dynamic_pc_data/loot/experiments/2DD_lodX=2_lodY=1_OM=4/decompressed/loot_dec_1028.ply,-1.0,-1.0,61.747475535757005,,,,,,0.63724,0.430946,0.534093,62.8579,44.0,,,,,,35.6549,45.8621,45.5963,
/home/p/pranav/dynamic_pc_data/loot/experiments/2DD_lodX=2_lodY=1_OM=4/decompressed/loot_dec_1182.ply,-1.0,-1.0,60.22101554155895,,,,,,0.655685,0.477816,0.566751,62.5614,45.0,,,,,,35.9597,46.091,45.8154,
/home/p/pranav/dynamic_pc_data/loot/experiments/2DD_lodX=2_lodY=1_OM=4/decompressed/loot_dec_1273.ply,-1.0,-1.0,59.94614097689964,,,,,,0.670623,0.47392,0.572272,62.4877,100.0,,,,,,35.6089,45.6614,45.4249,
/home/p/pranav/dynamic_pc_data/loot/experiments/2DD_lodX=2_lodY=1_OM=4/decompressed/loot_dec_1093.ply,-1.0,-1.0,62.614943527818355,,,,,,0.624747,0.414444,0.519596,63.0318,40.0,,,,,,36.9397,46.3464,45.9983,
/home/p/pranav/dynamic_pc_data/loot/experiments/2DD_lodX=2_lodY=1_OM=4/decompressed/loot_dec_1212.ply,-1.0,-1.0,60.548741353311776,,,,,,0.657107,0.480333,0.56872,62.6017,99.0,,,,,,35.2475,45.7069,45.3981,
/home/p/pranav/dynamic_pc_data/loot/experiments/2DD_lodX=2_lodY=1_OM=4/decompressed/loot_dec_1001.ply,-1.0,-1.0,61.60914774714516,,,,,,0.641403,0.434499,0.537951,62.799,50.0,,,,,,35.6726,45.7776,45.7489,
/home/p/pranav/dynamic_pc_data/loot/experiments/2DD_lodX=2_lodY=1_OM=4/decompressed/loot_dec_1280.ply,-1.0,-1.0,59.19853012423541,,,,,,0.665272,0.466304,0.565788,62.4001,94.0,,,,,,35.8675,45.8482,45.6634,
/home/p/pranav/dynamic_pc_data/loot/experiments/2DD_lodX=2_lodY=1_OM=4/decompressed/loot_dec_1108.ply,-1.0,-1.0,61.14645511279129,,,,,,0.644798,0.431296,0.538047,62.711,75.0,,,,,,36.1791,45.9124,45.7506,
/home/p/pranav/dynamic_pc_data/loot/experiments/2DD_lodX=2_lodY=1_OM=4/decompressed/loot_dec_1171.ply,-1.0,-1.0,61.17970604825676,,,,,,0.63298,0.446265,0.539622,62.6681,70.0,,,,,,36.424,46.1016,45.8424,
/home/p/pranav/dynamic_pc_data/loot/experiments/2DD_lodX=2_lodY=1_OM=4/decompressed/loot_dec_1078.ply,-1.0,-1.0,61.5060626797618,,,,,,0.648825,0.433564,0.541194,62.8745,50.0,,,,,,36.4379,46.2255,45.7949,
/home/p/pranav/dynamic_pc_data/loot/experiments/2DD_lodX=2_lodY=1_OM=4/decompressed/loot_dec_1169.ply,-1.0,-1.0,60.72112552729212,,,,,,0.643179,0.47062,0.556899,62.5459,84.0,,,,,,36.4165,45.8784,45.6016,
/home/p/pranav/dynamic_pc_data/loot/experiments/2DD_lodX=2_lodY=1_OM=4/decompressed/loot_dec_1060.ply,-1.0,-1.0,61.572364946407205,,,,,,0.648509,0.445919,0.547214,62.706,35.0,,,,,,35.5592,45.8195,45.5465,
/home/p/pranav/dynamic_pc_data/loot/experiments/2DD_lodX=2_lodY=1_OM=4/decompressed/loot_dec_1298.ply,-1.0,-1.0,59.64095054858828,,,,,,0.677682,0.4677,0.572691,62.4693,54.0,,,,,,35.8073,45.8119,45.8089,
/home/p/pranav/dynamic_pc_data/loot/experiments/2DD_lodX=2_lodY=1_OM=4/decompressed/loot_dec_1019.ply,-1.0,-1.0,61.85422567159895,,,,,,0.637604,0.432185,0.534895,62.9256,41.0,,,,,,35.6841,45.9684,45.6057,
/home/p/pranav/dynamic_pc_data/loot/experiments/2DD_lodX=2_lodY=1_OM=4/decompressed/loot_dec_1110.ply,-1.0,-1.0,61.779960063488815,,,,,,0.652403,0.46651,0.559456,62.6232,89.0,,,,,,36.4591,46.0344,45.7835,
/home/p/pranav/dynamic_pc_data/loot/experiments/2DD_lodX=2_lodY=1_OM=4/decompressed/loot_dec_1242.ply,-1.0,-1.0,59.65370306741187,,,,,,0.666961,0.481908,0.574435,62.5386,45.0,,,,,,35.1932,45.4935,45.5735,
/home/p/pranav/dynamic_pc_data/loot/experiments/2DD_lodX=2_lodY=1_OM=4/decompressed/loot_dec_1223.ply,-1.0,-1.0,60.67593515660848,,,,,,0.667633,0.452156,0.559895,62.6516,61.0,,,,,,35.4344,45.6859,45.5035,
/home/p/pranav/dynamic_pc_data/loot/experiments/2DD_lodX=2_lodY=1_OM=4/decompressed/loot_dec_1048.ply,-1.0,-1.0,61.84106971714407,,,,,,0.647395,0.449024,0.54821,62.58,43.0,,,,,,36.4521,46.0781,45.6329,
/home/p/pranav/dynamic_pc_data/loot/experiments/2DD_lodX=2_lodY=1_OM=4/decompressed/loot_dec_1141.ply,-1.0,-1.0,61.414026046736524,,,,,,0.642982,0.429952,0.536467,62.5526,102.0,,,,,,35.8294,45.8922,45.6466,
/home/p/pranav/dynamic_pc_data/loot/experiments/2DD_lodX=2_lodY=1_OM=4/decompressed/loot_dec_1138.ply,-1.0,-1.0,61.449524534624494,,,,,,0.666577,0.469937,0.568257,62.4974,113.0,,,,,,36.4967,46.0065,45.4797,
/home/p/pranav/dynamic_pc_data/loot/experiments/2DD_lodX=2_lodY=1_OM=4/decompressed/loot_dec_1031.ply,-1.0,-1.0,61.667004399038674,,,,,,0.64777,0.436697,0.542234,62.7881,45.0,,,,,,35.6963,45.8472,45.6854,
/home/p/pranav/dynamic_pc_data/loot/experiments/2DD_lodX=2_lodY=1_OM=4/decompressed/loot_dec_1120.ply,-1.0,-1.0,61.31330587688297,,,,,,0.654935,0.46394,0.559437,62.7691,41.0,,,,,,36.0349,46.2406,45.8449,
/home/p/pranav/dynamic_pc_data/loot/experiments/2DD_lodX=2_lodY=1_OM=4/decompressed/loot_dec_1029.ply,-1.0,-1.0,61.769286194208924,,,,,,0.63969,0.442287,0.540989,62.7631,41.0,,,,,,35.748,45.8207,45.5185,
/home/p/pranav/dynamic_pc_data/loot/experiments/2DD_lodX=2_lodY=1_OM=4/decompressed/loot_dec_1050.ply,-1.0,-1.0,61.309333783854164,,,,,,0.654988,0.474876,0.564932,62.7376,65.0,,,,,,35.7777,45.8789,45.706,
/home/p/pranav/dynamic_pc_data/loot/experiments/2DD_lodX=2_lodY=1_OM=4/decompressed/loot_dec_1159.ply,-1.0,-1.0,60.37937254960831,,,,,,0.658929,0.474149,0.566539,62.4416,285.0,,,,,,35.9259,45.726,45.4552,
/home/p/pranav/dynamic_pc_data/loot/experiments/2DD_lodX=2_lodY=1_OM=4/decompressed/loot_dec_1272.ply,-1.0,-1.0,60.54281714592501,,,,,,0.662865,0.457512,0.560189,62.5824,51.0,,,,,,35.8493,45.6572,45.4802,
/home/p/pranav/dynamic_pc_data/loot/experiments/2DD_lodX=2_lodY=1_OM=4/decompressed/loot_dec_1183.ply,-1.0,-1.0,60.562265041131916,,,,,,0.653265,0.465098,0.559181,62.5775,59.0,,,,,,36.1128,46.0384,45.8163,
/home/p/pranav/dynamic_pc_data/loot/experiments/2DD_lodX=2_lodY=1_OM=4/decompressed/loot_dec_1213.ply,-1.0,-1.0,60.095645071320426,,,,,,0.672364,0.473645,0.573004,62.5683,118.0,,,,,,35.3,45.8686,45.4157,
/home/p/pranav/dynamic_pc_data/loot/experiments/2DD_lodX=2_lodY=1_OM=4/decompressed/loot_dec_1092.ply,-1.0,-1.0,62.43480465586783,,,,,,0.614566,0.415228,0.514897,63.0092,41.0,,,,,,36.8065,46.3393,46.0112,
/home/p/pranav/dynamic_pc_data/loot/experiments/2DD_lodX=2_lodY=1_OM=4/decompressed/loot_dec_1113.ply,-1.0,-1.0,61.637472128074215,,,,,,0.653314,0.438549,0.545931,62.9143,70.0,,,,,,35.9361,45.9099,45.6886,
/home/p/pranav/dynamic_pc_data/loot/experiments/2DD_lodX=2_lodY=1_OM=4/decompressed/loot_dec_1063.ply,-1.0,-1.0,61.70989621890051,,,,,,0.650268,0.445413,0.547841,62.86,69.0,,,,,,36.8425,46.1716,45.8359,
/home/p/pranav/dynamic_pc_data/loot/experiments/2DD_lodX=2_lodY=1_OM=4/decompressed/loot_dec_1172.ply,-1.0,-1.0,61.298510495620896,,,,,,0.65184,0.479511,0.565675,62.4993,45.0,,,,,,36.4669,46.068,45.7394,
/home/p/pranav/dynamic_pc_data/loot/experiments/2DD_lodX=2_lodY=1_OM=4/decompressed/loot_dec_1002.ply,-1.0,-1.0,61.86231222763394,,,,,,0.641696,0.444752,0.543224,62.8024,182.0,,,,,,35.6864,45.9011,45.8298,
/home/p/pranav/dynamic_pc_data/loot/experiments/2DD_lodX=2_lodY=1_OM=4/decompressed/loot_dec_1283.ply,-1.0,-1.0,59.63549737870567,,,,,,0.682212,0.483441,0.582827,62.3692,227.0,,,,,,35.9322,46.1318,45.846,
/home/p/pranav/dynamic_pc_data/loot/experiments/2DD_lodX=2_lodY=1_OM=4/decompressed/loot_dec_1220.ply,-1.0,-1.0,59.8013797751918,,,,,,0.665146,0.482814,0.57398,62.442,80.0,,,,,,35.8608,45.9111,45.8004,
/home/p/pranav/dynamic_pc_data/loot/experiments/2DD_lodX=2_lodY=1_OM=4/decompressed/loot_dec_1259.ply,-1.0,-1.0,59.980707739149345,,,,,,0.653758,0.469998,0.561878,62.5964,105.0,,,,,,35.5692,45.9147,45.7192,
/home/p/pranav/dynamic_pc_data/loot/experiments/2DD_lodX=2_lodY=1_OM=4/decompressed/loot_dec_1241.ply,-1.0,-1.0,59.54162364345819,,,,,,0.67271,0.467768,0.570239,62.5723,50.0,,,,,,35.2306,45.6817,45.3884,
/home/p/pranav/dynamic_pc_data/loot/experiments/2DD_lodX=2_lodY=1_OM=4/decompressed/loot_dec_1238.ply,-1.0,-1.0,60.39191387344281,,,,,,0.661992,0.466738,0.564365,62.5725,117.0,,,,,,35.6839,45.883,45.6366,
/home/p/pranav/dynamic_pc_data/loot/experiments/2DD_lodX=2_lodY=1_OM=4/decompressed/loot_dec_1053.ply,-1.0,-1.0,61.40183779423982,,,,,,0.651315,0.45443,0.552873,62.7634,70.0,,,,,,35.3753,45.8508,45.5066,
/home/p/pranav/dynamic_pc_data/loot/experiments/2DD_lodX=2_lodY=1_OM=4/decompressed/loot_dec_1123.ply,-1.0,-1.0,61.155132522914975,,,,,,0.659111,0.456726,0.557918,62.6181,59.0,,,,,,36.1926,46.0957,45.7378,
/home/p/pranav/dynamic_pc_data/loot/experiments/2DD_lodX=2_lodY=1_OM=4/decompressed/loot_dec_1032.ply,-1.0,-1.0,62.11716617395904,,,,,,0.649767,0.436663,0.543215,62.8179,33.0,,,,,,35.7739,45.9577,45.4914,
/home/p/pranav/dynamic_pc_data/loot/experiments/2DD_lodX=2_lodY=1_OM=4/decompressed/loot_dec_1142.ply,-1.0,-1.0,61.632513481520455,,,,,,0.6461,0.433683,0.539891,62.5284,145.0,,,,,,35.9296,45.8342,45.6515,
/home/p/pranav/dynamic_pc_data/loot/experiments/2DD_lodX=2_lodY=1_OM=4/decompressed/loot_dec_1269.ply,-1.0,-1.0,59.99569408085283,,,,,,0.662203,0.46375,0.562976,62.4808,88.0,,,,,,36.2813,46.0708,45.6808,
/home/p/pranav/dynamic_pc_data/loot/experiments/2DD_lodX=2_lodY=1_OM=4/decompressed/loot_dec_1210.ply,-1.0,-1.0,60.53400892991522,,,,,,0.655195,0.468249,0.561722,62.6396,80.0,,,,,,35.2965,45.851,45.6844,
/home/p/pranav/dynamic_pc_data/loot/experiments/2DD_lodX=2_lodY=1_OM=4/decompressed/loot_dec_1091.ply,-1.0,-1.0,61.83560292465315,,,,,,0.621538,0.423278,0.522408,62.9194,70.0,,,,,,36.7062,46.3943,46.1079,
/home/p/pranav/dynamic_pc_data/loot/experiments/2DD_lodX=2_lodY=1_OM=4/decompressed/loot_dec_1198.ply,-1.0,-1.0,60.273207038225706,,,,,,0.651831,0.458005,0.554918,62.664,113.0,,,,,,35.4587,45.8142,45.6654,
/home/p/pranav/dynamic_pc_data/loot/experiments/2DD_lodX=2_lodY=1_OM=4/decompressed/loot_dec_1089.ply,-1.0,-1.0,61.90404707608565,,,,,,0.640112,0.433332,0.536722,62.8608,72.0,,,,,,36.5266,45.9752,45.8658,
/home/p/pranav/dynamic_pc_data/loot/experiments/2DD_lodX=2_lodY=1_OM=4/decompressed/loot_dec_1208.ply,-1.0,-1.0,60.63858181155733,,,,,,0.636176,0.464203,0.550189,62.6885,53.0,,,,,,35.6547,45.8752,45.585,
/home/p/pranav/dynamic_pc_data/loot/experiments/2DD_lodX=2_lodY=1_OM=4/decompressed/loot_dec_1180.ply,-1.0,-1.0,60.80864386514623,,,,,,0.645031,0.46876,0.556895,62.6623,61.0,,,,,,35.6192,45.9377,45.689,
/home/p/pranav/dynamic_pc_data/loot/experiments/2DD_lodX=2_lodY=1_OM=4/decompressed/loot_dec_1271.ply,-1.0,-1.0,59.951055370134135,,,,,,0.669228,0.467113,0.56817,62.5066,62.0,,,,,,35.9215,45.7963,45.599,
/home/p/pranav/dynamic_pc_data/loot/experiments/2DD_lodX=2_lodY=1_OM=4/decompressed/loot_dec_1062.ply,-1.0,-1.0,61.65755099381572,,,,,,0.650792,0.461902,0.556347,62.7459,62.0,,,,,,36.7009,46.1308,45.8541,
/home/p/pranav/dynamic_pc_data/loot/experiments/2DD_lodX=2_lodY=1_OM=4/decompressed/loot_dec_1112.ply,-1.0,-1.0,61.59994792750181,,,,,,0.65924,0.442549,0.550895,62.8306,45.0,,,,,,36.327,46.1045,46.0581,
/home/p/pranav/dynamic_pc_data/loot/experiments/2DD_lodX=2_lodY=1_OM=4/decompressed/loot_dec_1282.ply,-1.0,-1.0,59.34833734809388,,,,,,0.674022,0.476303,0.575163,62.3704,266.0,,,,,,35.958,46.0317,46.0157,
/home/p/pranav/dynamic_pc_data/loot/experiments/2DD_lodX=2_lodY=1_OM=4/decompressed/loot_dec_1003.ply,-1.0,-1.0,62.00002826067129,,,,,,0.62949,0.451439,0.540464,62.8541,41.0,,,,,,35.662,45.9616,45.738,
/home/p/pranav/dynamic_pc_data/loot/experiments/2DD_lodX=2_lodY=1_OM=4/decompressed/loot_dec_1173.ply,-1.0,-1.0,60.946705542598316,,,,,,0.646551,0.477878,0.562214,62.5723,41.0,,,,,,36.4618,46.1194,45.7492,
/home/p/pranav/dynamic_pc_data/loot/experiments/2DD_lodX=2_lodY=1_OM=4/decompressed/loot_dec_1258.ply,-1.0,-1.0,60.03151267298015,,,,,,0.648423,0.466364,0.557393,62.6326,129.0,,,,,,35.5104,45.6409,45.5689,
/home/p/pranav/dynamic_pc_data/loot/experiments/2DD_lodX=2_lodY=1_OM=4/decompressed/loot_dec_1221.ply,-1.0,-1.0,59.63284484579963,,,,,,0.662373,0.483126,0.572749,62.493,153.0,,,,,,35.9283,45.951,45.6601,
/home/p/pranav/dynamic_pc_data/loot/experiments/2DD_lodX=2_lodY=1_OM=4/decompressed/loot_dec_1239.ply,-1.0,-1.0,60.3598154625754,,,,,,0.660552,0.458477,0.559514,62.6396,50.0,,,,,,35.4492,45.7722,45.5265,
/home/p/pranav/dynamic_pc_data/loot/experiments/2DD_lodX=2_lodY=1_OM=4/decompressed/loot_dec_1240.ply,-1.0,-1.0,59.721020473313914,,,,,,0.668965,0.475189,0.572077,62.5536,61.0,,,,,,35.3053,45.8535,45.6483,
/home/p/pranav/dynamic_pc_data/loot/experiments/2DD_lodX=2_lodY=1_OM=4/decompressed/loot_dec_1122.ply,-1.0,-1.0,61.227436603280516,,,,,,0.648608,0.437061,0.542835,62.7809,42.0,,,,,,36.3512,46.0054,45.8255,
/home/p/pranav/dynamic_pc_data/loot/experiments/2DD_lodX=2_lodY=1_OM=4/decompressed/loot_dec_1052.ply,-1.0,-1.0,61.32319940436486,,,,,,0.659849,0.440685,0.550267,62.788,83.0,,,,,,35.5354,45.7332,45.5151,
/home/p/pranav/dynamic_pc_data/loot/experiments/2DD_lodX=2_lodY=1_OM=4/decompressed/loot_dec_1143.ply,-1.0,-1.0,61.56294053270816,,,,,,0.64478,0.44327,0.544025,62.5243,66.0,,,,,,36.0396,45.9612,45.6794,
/home/p/pranav/dynamic_pc_data/loot/experiments/2DD_lodX=2_lodY=1_OM=4/decompressed/loot_dec_1033.ply,-1.0,-1.0,61.9854568804983,,,,,,0.651169,0.453899,0.552534,62.7715,59.0,,,,,,35.6394,45.9907,45.6469,
/home/p/pranav/dynamic_pc_data/loot/experiments/2DD_lodX=2_lodY=1_OM=4/decompressed/loot_dec_1090.ply,-1.0,-1.0,61.79237801872528,,,,,,0.636766,0.426141,0.531453,62.8564,45.0,,,,,,36.3836,46.2642,45.9291,
/home/p/pranav/dynamic_pc_data/loot/experiments/2DD_lodX=2_lodY=1_OM=4/decompressed/loot_dec_1211.ply,-1.0,-1.0,59.940557417034476,,,,,,0.658288,0.461205,0.559747,62.6642,94.0,,,,,,35.2876,45.8356,45.5934,
/home/p/pranav/dynamic_pc_data/loot/experiments/2DD_lodX=2_lodY=1_OM=4/decompressed/loot_dec_1199.ply,-1.0,-1.0,60.15241694064394,,,,,,0.652037,0.462366,0.557202,62.6166,61.0,,,,,,35.5862,45.9368,45.7794,
/home/p/pranav/dynamic_pc_data/loot/experiments/2DD_lodX=2_lodY=1_OM=4/decompressed/loot_dec_1268.ply,-1.0,-1.0,59.92530099240271,,,,,,0.625356,0.438543,0.53195,62.6718,59.0,,,,,,36.6133,46.1827,45.9349,
/home/p/pranav/dynamic_pc_data/loot/experiments/2DD_lodX=2_lodY=1_OM=4/decompressed/loot_dec_1270.ply,-1.0,-1.0,60.62669937608419,,,,,,0.657651,0.455043,0.556347,62.5715,38.0,,,,,,36.0946,45.7812,45.8009,
/home/p/pranav/dynamic_pc_data/loot/experiments/2DD_lodX=2_lodY=1_OM=4/decompressed/loot_dec_1209.ply,-1.0,-1.0,60.87214509938945,,,,,,0.658117,0.450211,0.554164,62.6965,59.0,,,,,,35.4206,45.8004,45.4668,
/home/p/pranav/dynamic_pc_data/loot/experiments/2DD_lodX=2_lodY=1_OM=4/decompressed/loot_dec_1088.ply,-1.0,-1.0,61.881982480973186,,,,,,0.642619,0.44787,0.545245,62.8602,45.0,,,,,,36.3568,46.1944,45.8877,
/home/p/pranav/dynamic_pc_data/loot/experiments/2DD_lodX=2_lodY=1_OM=4/decompressed/loot_dec_1181.ply,-1.0,-1.0,60.915321791831424,,,,,,0.650593,0.458526,0.55456,62.6798,41.0,,,,,,35.7572,45.9887,45.7642,
/home/p/pranav/dynamic_pc_data/loot/experiments/2DD_lodX=2_lodY=1_OM=4/decompressed/loot_dec_1247.ply,-1.0,-1.0,59.33615271890398,,,,,,0.678645,0.474505,0.576575,62.4338,66.0,,,,,,35.892,46.1232,45.7623,
/home/p/pranav/dynamic_pc_data/loot/experiments/2DD_lodX=2_lodY=1_OM=4/decompressed/loot_dec_1226.ply,-1.0,-1.0,59.7752355899688,,,,,,0.664393,0.493761,0.579077,62.5313,54.0,,,,,,35.1757,45.7828,45.6788,
/home/p/pranav/dynamic_pc_data/loot/experiments/2DD_lodX=2_lodY=1_OM=4/decompressed/loot_dec_1285.ply,-1.0,-1.0,59.24750900098572,,,,,,0.681735,0.46938,0.575558,62.5134,216.0,,,,,,35.6468,45.8039,45.6727,
/home/p/pranav/dynamic_pc_data/loot/experiments/2DD_lodX=2_lodY=1_OM=4/decompressed/loot_dec_1004.ply,-1.0,-1.0,62.162928388631514,,,,,,0.641234,0.438012,0.539623,62.8778,54.0,,,,,,35.5804,45.9885,45.5915,
/home/p/pranav/dynamic_pc_data/loot/experiments/2DD_lodX=2_lodY=1_OM=4/decompressed/loot_dec_1174.ply,-1.0,-1.0,61.480599813513635,,,,,,0.647008,0.480004,0.563506,62.5958,44.0,,,,,,36.2302,45.9171,45.7421,
/home/p/pranav/dynamic_pc_data/loot/experiments/2DD_lodX=2_lodY=1_OM=4/decompressed/loot_dec_1065.ply,-1.0,-1.0,61.171021663665044,,,,,,0.641089,0.468323,0.554706,62.8399,114.0,,,,,,36.3703,46.1334,45.755,
/home/p/pranav/dynamic_pc_data/loot/experiments/2DD_lodX=2_lodY=1_OM=4/decompressed/loot_dec_1115.ply,-1.0,-1.0,61.21819512461172,,,,,,0.653004,0.433024,0.543014,62.9539,50.0,,,,,,35.6333,45.7615,45.5968,
/home/p/pranav/dynamic_pc_data/loot/experiments/2DD_lodX=2_lodY=1_OM=4/decompressed/loot_dec_1277.ply,-1.0,-1.0,59.03972599388379,,,,,,0.686136,0.472994,0.579565,62.4073,65.0,,,,,,35.9373,45.9732,45.8005,
/home/p/pranav/dynamic_pc_data/loot/experiments/2DD_lodX=2_lodY=1_OM=4/decompressed/loot_dec_1186.ply,-1.0,-1.0,60.519511329624294,,,,,,0.659987,0.451567,0.555777,62.524,89.0,,,,,,35.9967,45.8692,45.4214,
/home/p/pranav/dynamic_pc_data/loot/experiments/2DD_lodX=2_lodY=1_OM=4/decompressed/loot_dec_1097.ply,-1.0,-1.0,61.76588714362863,,,,,,0.651316,0.443575,0.547446,62.9604,41.0,,,,,,36.4676,46.0749,45.9616,
/home/p/pranav/dynamic_pc_data/loot/experiments/2DD_lodX=2_lodY=1_OM=4/decompressed/loot_dec_1216.ply,-1.0,-1.0,59.56028654108385,,,,,,0.677638,0.513093,0.595365,62.33,117.0,,,,,,35.9911,46.2598,45.9546,
/home/p/pranav/dynamic_pc_data/loot/experiments/2DD_lodX=2_lodY=1_OM=4/decompressed/loot_dec_1144.ply,-1.0,-1.0,61.40902515271153,,,,,,0.638386,0.426873,0.532629,62.6493,61.0,,,,,,36.0435,45.8297,46.0372,
/home/p/pranav/dynamic_pc_data/loot/experiments/2DD_lodX=2_lodY=1_OM=4/decompressed/loot_dec_1034.ply,-1.0,-1.0,62.03668604524124,,,,,,0.646592,0.443146,0.544869,62.8316,41.0,,,,,,35.6497,45.9527,45.5476,
/home/p/pranav/dynamic_pc_data/loot/experiments/2DD_lodX=2_lodY=1_OM=4/decompressed/loot_dec_1125.ply,-1.0,-1.0,62.174779943808865,,,,,,0.668119,0.453337,0.560728,62.6374,82.0,,,,,,36.3678,46.1963,46.004,
/home/p/pranav/dynamic_pc_data/loot/experiments/2DD_lodX=2_lodY=1_OM=4/decompressed/loot_dec_1055.ply,-1.0,-1.0,61.08013885250528,,,,,,0.664471,0.45433,0.559401,62.6805,65.0,,,,,,35.498,45.7503,45.385,
/home/p/pranav/dynamic_pc_data/loot/experiments/2DD_lodX=2_lodY=1_OM=4/decompressed/loot_dec_1246.ply,-1.0,-1.0,58.96075104294553,,,,,,0.664419,0.461458,0.562938,62.5749,97.0,,,,,,35.7598,45.9737,45.8244,
/home/p/pranav/dynamic_pc_data/loot/experiments/2DD_lodX=2_lodY=1_OM=4/decompressed/loot_dec_1227.ply,-1.0,-1.0,60.08217936652575,,,,,,0.668619,0.498422,0.58352,62.4929,229.0,,,,,,35.1728,45.7059,45.551,
/home/p/pranav/dynamic_pc_data/loot/experiments/2DD_lodX=2_lodY=1_OM=4/decompressed/loot_dec_1175.ply,-1.0,-1.0,61.424655651414746,,,,,,0.65569,0.467686,0.561688,62.6224,45.0,,,,,,35.9063,45.9141,45.5844,
/home/p/pranav/dynamic_pc_data/loot/experiments/2DD_lodX=2_lodY=1_OM=4/decompressed/loot_dec_1005.ply,-1.0,-1.0,62.28598787187392,,,,,,0.636821,0.438782,0.537801,62.8864,41.0,,,,,,35.5949,45.996,45.6999,
/home/p/pranav/dynamic_pc_data/loot/experiments/2DD_lodX=2_lodY=1_OM=4/decompressed/loot_dec_1284.ply,-1.0,-1.0,59.185826296595145,,,,,,0.678845,0.474692,0.576769,62.4707,73.0,,,,,,35.911,45.9281,45.7986,
/home/p/pranav/dynamic_pc_data/loot/experiments/2DD_lodX=2_lodY=1_OM=4/decompressed/loot_dec_1114.ply,-1.0,-1.0,61.42832997332356,,,,,,0.643662,0.450567,0.547115,62.9183,45.0,,,,,,35.8808,45.912,45.8259,
/home/p/pranav/dynamic_pc_data/loot/experiments/2DD_lodX=2_lodY=1_OM=4/decompressed/loot_dec_1064.ply,-1.0,-1.0,61.444361412438084,,,,,,0.629329,0.448181,0.538755,62.9565,54.0,,,,,,36.7065,46.246,45.9344,
/home/p/pranav/dynamic_pc_data/loot/experiments/2DD_lodX=2_lodY=1_OM=4/decompressed/loot_dec_1187.ply,-1.0,-1.0,60.719903280876714,,,,,,0.659619,0.453087,0.556353,62.536,93.0,,,,,,35.968,45.9708,45.6282,
/home/p/pranav/dynamic_pc_data/loot/experiments/2DD_lodX=2_lodY=1_OM=4/decompressed/loot_dec_1276.ply,-1.0,-1.0,59.417234391965586,,,,,,0.680028,0.480809,0.580418,62.4243,132.0,,,,,,35.5781,45.9958,45.8148,
/home/p/pranav/dynamic_pc_data/loot/experiments/2DD_lodX=2_lodY=1_OM=4/decompressed/loot_dec_1217.ply,-1.0,-1.0,59.57087227894956,,,,,,0.670785,0.480659,0.575722,62.4239,184.0,,,,,,35.9213,46.1058,45.623,
/home/p/pranav/dynamic_pc_data/loot/experiments/2DD_lodX=2_lodY=1_OM=4/decompressed/loot_dec_1096.ply,-1.0,-1.0,61.65699963464393,,,,,,0.645565,0.440046,0.542805,62.9897,1073.0,,,,,,36.5145,46.2329,45.9148,
/home/p/pranav/dynamic_pc_data/loot/experiments/2DD_lodX=2_lodY=1_OM=4/decompressed/loot_dec_1035.ply,-1.0,-1.0,62.158445194550296,,,,,,0.651222,0.449871,0.550547,62.7725,65.0,,,,,,35.7279,45.9658,46.0246,
/home/p/pranav/dynamic_pc_data/loot/experiments/2DD_lodX=2_lodY=1_OM=4/decompressed/loot_dec_1145.ply,-1.0,-1.0,61.170013814430376,,,,,,0.631696,0.44234,0.537018,62.6557,91.0,,,,,,35.9072,46.0174,46.0311,
/home/p/pranav/dynamic_pc_data/loot/experiments/2DD_lodX=2_lodY=1_OM=4/decompressed/loot_dec_1054.ply,-1.0,-1.0,60.618171268241035,,,,,,0.664526,0.454114,0.55932,62.6959,121.0,,,,,,35.4367,45.637,45.6533,
/home/p/pranav/dynamic_pc_data/loot/experiments/2DD_lodX=2_lodY=1_OM=4/decompressed/loot_dec_1124.ply,-1.0,-1.0,61.314318453503866,,,,,,0.671317,0.449699,0.560508,62.5948,65.0,,,,,,36.3542,46.0908,45.8021,
/home/p/pranav/dynamic_pc_data/loot/experiments/2DD_lodX=2_lodY=1_OM=4/decompressed/loot_dec_1224.ply,-1.0,-1.0,60.65572814557885,,,,,,0.665367,0.450688,0.558027,62.6831,50.0,,,,,,35.2337,45.7187,45.6182,
/home/p/pranav/dynamic_pc_data/loot/experiments/2DD_lodX=2_lodY=1_OM=4/decompressed/loot_dec_1245.ply,-1.0,-1.0,59.700558228018764,,,,,,0.675444,0.480029,0.577736,62.4857,50.0,,,,,,35.5431,45.8468,45.5817,
/home/p/pranav/dynamic_pc_data/loot/experiments/2DD_lodX=2_lodY=1_OM=4/decompressed/loot_dec_1067.ply,-1.0,-1.0,61.50614105959083,,,,,,0.649291,0.461569,0.55543,62.848,66.0,,,,,,36.02,46.1408,46.0505,
/home/p/pranav/dynamic_pc_data/loot/experiments/2DD_lodX=2_lodY=1_OM=4/decompressed/loot_dec_1117.ply,-1.0,-1.0,61.537822861761995,,,,,,0.656983,0.448068,0.552525,62.8732,41.0,,,,,,35.6075,46.0707,45.8054,
/home/p/pranav/dynamic_pc_data/loot/experiments/2DD_lodX=2_lodY=1_OM=4/decompressed/loot_dec_1006.ply,-1.0,-1.0,62.20122198752753,,,,,,0.645854,0.438628,0.542241,62.8394,69.0,,,,,,35.5925,45.8429,45.5615,
/home/p/pranav/dynamic_pc_data/loot/experiments/2DD_lodX=2_lodY=1_OM=4/decompressed/loot_dec_1287.ply,-1.0,-1.0,58.94260588363883,,,,,,0.683368,0.487091,0.58523,62.464,113.0,,,,,,35.3804,45.8654,45.6551,
/home/p/pranav/dynamic_pc_data/loot/experiments/2DD_lodX=2_lodY=1_OM=4/decompressed/loot_dec_1176.ply,-1.0,-1.0,61.64400616631948,,,,,,0.655764,0.475031,0.565397,62.6017,41.0,,,,,,35.6206,45.8442,45.6798,
/home/p/pranav/dynamic_pc_data/loot/experiments/2DD_lodX=2_lodY=1_OM=4/decompressed/loot_dec_1214.ply,-1.0,-1.0,59.63815014759724,,,,,,0.665338,0.493376,0.579357,62.5047,100.0,,,,,,35.5809,46.1509,45.6554,
/home/p/pranav/dynamic_pc_data/loot/experiments/2DD_lodX=2_lodY=1_OM=4/decompressed/loot_dec_1095.ply,-1.0,-1.0,62.01070236004384,,,,,,0.629492,0.42938,0.529436,63.0742,65.0,,,,,,36.6672,46.1027,45.7612,
/home/p/pranav/dynamic_pc_data/loot/experiments/2DD_lodX=2_lodY=1_OM=4/decompressed/loot_dec_1275.ply,-1.0,-1.0,59.32390017502802,,,,,,0.685678,0.481882,0.58378,62.4015,102.0,,,,,,35.5684,45.8129,45.6186,
/home/p/pranav/dynamic_pc_data/loot/experiments/2DD_lodX=2_lodY=1_OM=4/decompressed/loot_dec_1184.ply,-1.0,-1.0,60.13592857196255,,,,,,0.668123,0.470789,0.569456,62.4458,73.0,,,,,,36.1681,46.1317,45.7751,
/home/p/pranav/dynamic_pc_data/loot/experiments/2DD_lodX=2_lodY=1_OM=4/decompressed/loot_dec_1127.ply,-1.0,-1.0,62.41413574515519,,,,,,0.673073,0.449363,0.561218,62.7661,120.0,,,,,,36.3071,45.7633,45.5103,
/home/p/pranav/dynamic_pc_data/loot/experiments/2DD_lodX=2_lodY=1_OM=4/decompressed/loot_dec_1057.ply,-1.0,-1.0,60.48818684486242,,,,,,0.659782,0.475168,0.567475,62.5856,134.0,,,,,,35.5336,45.8282,45.4177,
/home/p/pranav/dynamic_pc_data/loot/experiments/2DD_lodX=2_lodY=1_OM=4/decompressed/loot_dec_1146.ply,-1.0,-1.0,60.74168191554429,,,,,,0.625107,0.43799,0.531549,62.7708,86.0,,,,,,35.6532,45.7223,45.8232,
/home/p/pranav/dynamic_pc_data/loot/experiments/2DD_lodX=2_lodY=1_OM=4/decompressed/loot_dec_1036.ply,-1.0,-1.0,61.77624355710513,,,,,,0.649505,0.4233,0.536403,62.8859,41.0,,,,,,35.8601,45.9755,45.863,
/home/p/pranav/dynamic_pc_data/loot/experiments/2DD_lodX=2_lodY=1_OM=4/decompressed/loot_dec_1225.ply,-1.0,-1.0,60.427677680497496,,,,,,0.657736,0.487556,0.572646,62.5736,45.0,,,,,,35.1971,45.759,45.5473,
/home/p/pranav/dynamic_pc_data/loot/experiments/2DD_lodX=2_lodY=1_OM=4/decompressed/loot_dec_1244.ply,-1.0,-1.0,59.56851956758651,,,,,,0.661931,0.479037,0.570484,62.5459,42.0,,,,,,35.3069,45.9287,45.64,
/home/p/pranav/dynamic_pc_data/loot/experiments/2DD_lodX=2_lodY=1_OM=4/decompressed/loot_dec_1116.ply,-1.0,-1.0,61.461418662428734,,,,,,0.657105,0.456076,0.55659,62.8414,74.0,,,,,,35.6877,45.8031,45.6787,
/home/p/pranav/dynamic_pc_data/loot/experiments/2DD_lodX=2_lodY=1_OM=4/decompressed/loot_dec_1066.ply,-1.0,-1.0,61.12268233285759,,,,,,0.647195,0.460417,0.553806,62.8549,50.0,,,,,,36.0507,46.0901,45.7168,
/home/p/pranav/dynamic_pc_data/loot/experiments/2DD_lodX=2_lodY=1_OM=4/decompressed/loot_dec_1177.ply,-1.0,-1.0,61.5887074340344,,,,,,0.659625,0.4676,0.563613,62.6068,54.0,,,,,,35.5142,45.9166,45.8153,
/home/p/pranav/dynamic_pc_data/loot/experiments/2DD_lodX=2_lodY=1_OM=4/decompressed/loot_dec_1286.ply,-1.0,-1.0,59.22511691030394,,,,,,0.678988,0.469052,0.57402,62.5452,107.0,,,,,,35.6008,45.9525,45.6762,
/home/p/pranav/dynamic_pc_data/loot/experiments/2DD_lodX=2_lodY=1_OM=4/decompressed/loot_dec_1007.ply,-1.0,-1.0,62.240204884049916,,,,,,0.639787,0.426452,0.533119,62.9146,29.0,,,,,,35.4941,45.9997,45.5518,
/home/p/pranav/dynamic_pc_data/loot/experiments/2DD_lodX=2_lodY=1_OM=4/decompressed/loot_dec_1094.ply,-1.0,-1.0,61.968823625328845,,,,,,0.629498,0.431574,0.530536,63.0117,53.0,,,,,,36.9374,46.3211,45.8646,
/home/p/pranav/dynamic_pc_data/loot/experiments/2DD_lodX=2_lodY=1_OM=4/decompressed/loot_dec_1215.ply,-1.0,-1.0,59.722350635273386,,,,,,0.67517,0.475511,0.575341,62.5058,170.0,,,,,,35.7353,46.0905,45.9242,
/home/p/pranav/dynamic_pc_data/loot/experiments/2DD_lodX=2_lodY=1_OM=4/decompressed/loot_dec_1185.ply,-1.0,-1.0,60.55535049100483,,,,,,0.66386,0.471612,0.567736,62.425,81.0,,,,,,36.0704,45.8145,45.524,
/home/p/pranav/dynamic_pc_data/loot/experiments/2DD_lodX=2_lodY=1_OM=4/decompressed/loot_dec_1274.ply,-1.0,-1.0,59.7284849264856,,,,,,0.666864,0.471297,0.569081,62.5126,45.0,,,,,,35.5272,45.8647,45.7132,
/home/p/pranav/dynamic_pc_data/loot/experiments/2DD_lodX=2_lodY=1_OM=4/decompressed/loot_dec_1056.ply,-1.0,-1.0,60.421247659011925,,,,,,0.672502,0.480672,0.576587,62.5425,94.0,,,,,,35.4826,45.7532,45.3086,
/home/p/pranav/dynamic_pc_data/loot/experiments/2DD_lodX=2_lodY=1_OM=4/decompressed/loot_dec_1126.ply,-1.0,-1.0,62.364940716774,,,,,,0.66838,0.468786,0.568583,62.65,70.0,,,,,,36.3762,45.9654,45.8559,
/home/p/pranav/dynamic_pc_data/loot/experiments/2DD_lodX=2_lodY=1_OM=4/decompressed/loot_dec_1037.ply,-1.0,-1.0,61.852085466514765,,,,,,0.64531,0.42749,0.5364,62.8937,33.0,,,,,,35.8148,46.0316,45.7771,
/home/p/pranav/dynamic_pc_data/loot/experiments/2DD_lodX=2_lodY=1_OM=4/decompressed/loot_dec_1147.ply,-1.0,-1.0,60.482577650570555,,,,,,0.625633,0.44579,0.535712,62.7937,131.0,,,,,,35.5361,45.829,45.7418,
